"id","country_id:id","state_id:id"
l10n_pe.district_pe_010101,base.pe,base.state_pe_01
l10n_pe.district_pe_010102,base.pe,base.state_pe_01
l10n_pe.district_pe_010103,base.pe,base.state_pe_01
l10n_pe.district_pe_010104,base.pe,base.state_pe_01
l10n_pe.district_pe_010105,base.pe,base.state_pe_01
l10n_pe.district_pe_010106,base.pe,base.state_pe_01
l10n_pe.district_pe_010107,base.pe,base.state_pe_01
l10n_pe.district_pe_010108,base.pe,base.state_pe_01
l10n_pe.district_pe_010109,base.pe,base.state_pe_01
l10n_pe.district_pe_010110,base.pe,base.state_pe_01
l10n_pe.district_pe_010111,base.pe,base.state_pe_01
l10n_pe.district_pe_010112,base.pe,base.state_pe_01
l10n_pe.district_pe_010113,base.pe,base.state_pe_01
l10n_pe.district_pe_010114,base.pe,base.state_pe_01
l10n_pe.district_pe_010115,base.pe,base.state_pe_01
l10n_pe.district_pe_010116,base.pe,base.state_pe_01
l10n_pe.district_pe_010117,base.pe,base.state_pe_01
l10n_pe.district_pe_010118,base.pe,base.state_pe_01
l10n_pe.district_pe_010119,base.pe,base.state_pe_01
l10n_pe.district_pe_010120,base.pe,base.state_pe_01
l10n_pe.district_pe_010121,base.pe,base.state_pe_01
l10n_pe.district_pe_010201,base.pe,base.state_pe_01
l10n_pe.district_pe_010202,base.pe,base.state_pe_01
l10n_pe.district_pe_010203,base.pe,base.state_pe_01
l10n_pe.district_pe_010204,base.pe,base.state_pe_01
l10n_pe.district_pe_010205,base.pe,base.state_pe_01
l10n_pe.district_pe_010206,base.pe,base.state_pe_01
l10n_pe.district_pe_010301,base.pe,base.state_pe_01
l10n_pe.district_pe_010302,base.pe,base.state_pe_01
l10n_pe.district_pe_010303,base.pe,base.state_pe_01
l10n_pe.district_pe_010304,base.pe,base.state_pe_01
l10n_pe.district_pe_010305,base.pe,base.state_pe_01
l10n_pe.district_pe_010306,base.pe,base.state_pe_01
l10n_pe.district_pe_010307,base.pe,base.state_pe_01
l10n_pe.district_pe_010308,base.pe,base.state_pe_01
l10n_pe.district_pe_010309,base.pe,base.state_pe_01
l10n_pe.district_pe_010310,base.pe,base.state_pe_01
l10n_pe.district_pe_010311,base.pe,base.state_pe_01
l10n_pe.district_pe_010312,base.pe,base.state_pe_01
l10n_pe.district_pe_010401,base.pe,base.state_pe_01
l10n_pe.district_pe_010402,base.pe,base.state_pe_01
l10n_pe.district_pe_010403,base.pe,base.state_pe_01
l10n_pe.district_pe_010501,base.pe,base.state_pe_01
l10n_pe.district_pe_010502,base.pe,base.state_pe_01
l10n_pe.district_pe_010503,base.pe,base.state_pe_01
l10n_pe.district_pe_010504,base.pe,base.state_pe_01
l10n_pe.district_pe_010505,base.pe,base.state_pe_01
l10n_pe.district_pe_010506,base.pe,base.state_pe_01
l10n_pe.district_pe_010507,base.pe,base.state_pe_01
l10n_pe.district_pe_010508,base.pe,base.state_pe_01
l10n_pe.district_pe_010509,base.pe,base.state_pe_01
l10n_pe.district_pe_010510,base.pe,base.state_pe_01
l10n_pe.district_pe_010511,base.pe,base.state_pe_01
l10n_pe.district_pe_010512,base.pe,base.state_pe_01
l10n_pe.district_pe_010513,base.pe,base.state_pe_01
l10n_pe.district_pe_010514,base.pe,base.state_pe_01
l10n_pe.district_pe_010515,base.pe,base.state_pe_01
l10n_pe.district_pe_010516,base.pe,base.state_pe_01
l10n_pe.district_pe_010517,base.pe,base.state_pe_01
l10n_pe.district_pe_010518,base.pe,base.state_pe_01
l10n_pe.district_pe_010519,base.pe,base.state_pe_01
l10n_pe.district_pe_010520,base.pe,base.state_pe_01
l10n_pe.district_pe_010521,base.pe,base.state_pe_01
l10n_pe.district_pe_010522,base.pe,base.state_pe_01
l10n_pe.district_pe_010523,base.pe,base.state_pe_01
l10n_pe.district_pe_010601,base.pe,base.state_pe_01
l10n_pe.district_pe_010602,base.pe,base.state_pe_01
l10n_pe.district_pe_010603,base.pe,base.state_pe_01
l10n_pe.district_pe_010604,base.pe,base.state_pe_01
l10n_pe.district_pe_010605,base.pe,base.state_pe_01
l10n_pe.district_pe_010606,base.pe,base.state_pe_01
l10n_pe.district_pe_010607,base.pe,base.state_pe_01
l10n_pe.district_pe_010608,base.pe,base.state_pe_01
l10n_pe.district_pe_010609,base.pe,base.state_pe_01
l10n_pe.district_pe_010610,base.pe,base.state_pe_01
l10n_pe.district_pe_010611,base.pe,base.state_pe_01
l10n_pe.district_pe_010612,base.pe,base.state_pe_01
l10n_pe.district_pe_010701,base.pe,base.state_pe_01
l10n_pe.district_pe_010702,base.pe,base.state_pe_01
l10n_pe.district_pe_010703,base.pe,base.state_pe_01
l10n_pe.district_pe_010704,base.pe,base.state_pe_01
l10n_pe.district_pe_010705,base.pe,base.state_pe_01
l10n_pe.district_pe_010706,base.pe,base.state_pe_01
l10n_pe.district_pe_010707,base.pe,base.state_pe_01
l10n_pe.district_pe_020101,base.pe,base.state_pe_02
l10n_pe.district_pe_020102,base.pe,base.state_pe_02
l10n_pe.district_pe_020103,base.pe,base.state_pe_02
l10n_pe.district_pe_020104,base.pe,base.state_pe_02
l10n_pe.district_pe_020105,base.pe,base.state_pe_02
l10n_pe.district_pe_020106,base.pe,base.state_pe_02
l10n_pe.district_pe_020107,base.pe,base.state_pe_02
l10n_pe.district_pe_020108,base.pe,base.state_pe_02
l10n_pe.district_pe_020109,base.pe,base.state_pe_02
l10n_pe.district_pe_020110,base.pe,base.state_pe_02
l10n_pe.district_pe_020111,base.pe,base.state_pe_02
l10n_pe.district_pe_020112,base.pe,base.state_pe_02
l10n_pe.district_pe_020201,base.pe,base.state_pe_02
l10n_pe.district_pe_020202,base.pe,base.state_pe_02
l10n_pe.district_pe_020203,base.pe,base.state_pe_02
l10n_pe.district_pe_020204,base.pe,base.state_pe_02
l10n_pe.district_pe_020205,base.pe,base.state_pe_02
l10n_pe.district_pe_020301,base.pe,base.state_pe_02
l10n_pe.district_pe_020302,base.pe,base.state_pe_02
l10n_pe.district_pe_020303,base.pe,base.state_pe_02
l10n_pe.district_pe_020304,base.pe,base.state_pe_02
l10n_pe.district_pe_020305,base.pe,base.state_pe_02
l10n_pe.district_pe_020306,base.pe,base.state_pe_02
l10n_pe.district_pe_020401,base.pe,base.state_pe_02
l10n_pe.district_pe_020402,base.pe,base.state_pe_02
l10n_pe.district_pe_020501,base.pe,base.state_pe_02
l10n_pe.district_pe_020502,base.pe,base.state_pe_02
l10n_pe.district_pe_020503,base.pe,base.state_pe_02
l10n_pe.district_pe_020504,base.pe,base.state_pe_02
l10n_pe.district_pe_020505,base.pe,base.state_pe_02
l10n_pe.district_pe_020506,base.pe,base.state_pe_02
l10n_pe.district_pe_020507,base.pe,base.state_pe_02
l10n_pe.district_pe_020508,base.pe,base.state_pe_02
l10n_pe.district_pe_020509,base.pe,base.state_pe_02
l10n_pe.district_pe_020510,base.pe,base.state_pe_02
l10n_pe.district_pe_020511,base.pe,base.state_pe_02
l10n_pe.district_pe_020512,base.pe,base.state_pe_02
l10n_pe.district_pe_020513,base.pe,base.state_pe_02
l10n_pe.district_pe_020514,base.pe,base.state_pe_02
l10n_pe.district_pe_020515,base.pe,base.state_pe_02
l10n_pe.district_pe_020601,base.pe,base.state_pe_02
l10n_pe.district_pe_020602,base.pe,base.state_pe_02
l10n_pe.district_pe_020603,base.pe,base.state_pe_02
l10n_pe.district_pe_020604,base.pe,base.state_pe_02
l10n_pe.district_pe_020605,base.pe,base.state_pe_02
l10n_pe.district_pe_020606,base.pe,base.state_pe_02
l10n_pe.district_pe_020607,base.pe,base.state_pe_02
l10n_pe.district_pe_020608,base.pe,base.state_pe_02
l10n_pe.district_pe_020609,base.pe,base.state_pe_02
l10n_pe.district_pe_020610,base.pe,base.state_pe_02
l10n_pe.district_pe_020611,base.pe,base.state_pe_02
l10n_pe.district_pe_020701,base.pe,base.state_pe_02
l10n_pe.district_pe_020702,base.pe,base.state_pe_02
l10n_pe.district_pe_020703,base.pe,base.state_pe_02
l10n_pe.district_pe_020801,base.pe,base.state_pe_02
l10n_pe.district_pe_020802,base.pe,base.state_pe_02
l10n_pe.district_pe_020803,base.pe,base.state_pe_02
l10n_pe.district_pe_020804,base.pe,base.state_pe_02
l10n_pe.district_pe_020901,base.pe,base.state_pe_02
l10n_pe.district_pe_020902,base.pe,base.state_pe_02
l10n_pe.district_pe_020903,base.pe,base.state_pe_02
l10n_pe.district_pe_020904,base.pe,base.state_pe_02
l10n_pe.district_pe_020905,base.pe,base.state_pe_02
l10n_pe.district_pe_020906,base.pe,base.state_pe_02
l10n_pe.district_pe_020907,base.pe,base.state_pe_02
l10n_pe.district_pe_021001,base.pe,base.state_pe_02
l10n_pe.district_pe_021002,base.pe,base.state_pe_02
l10n_pe.district_pe_021003,base.pe,base.state_pe_02
l10n_pe.district_pe_021004,base.pe,base.state_pe_02
l10n_pe.district_pe_021005,base.pe,base.state_pe_02
l10n_pe.district_pe_021006,base.pe,base.state_pe_02
l10n_pe.district_pe_021007,base.pe,base.state_pe_02
l10n_pe.district_pe_021008,base.pe,base.state_pe_02
l10n_pe.district_pe_021009,base.pe,base.state_pe_02
l10n_pe.district_pe_021010,base.pe,base.state_pe_02
l10n_pe.district_pe_021011,base.pe,base.state_pe_02
l10n_pe.district_pe_021012,base.pe,base.state_pe_02
l10n_pe.district_pe_021013,base.pe,base.state_pe_02
l10n_pe.district_pe_021014,base.pe,base.state_pe_02
l10n_pe.district_pe_021015,base.pe,base.state_pe_02
l10n_pe.district_pe_021016,base.pe,base.state_pe_02
l10n_pe.district_pe_021101,base.pe,base.state_pe_02
l10n_pe.district_pe_021102,base.pe,base.state_pe_02
l10n_pe.district_pe_021103,base.pe,base.state_pe_02
l10n_pe.district_pe_021104,base.pe,base.state_pe_02
l10n_pe.district_pe_021105,base.pe,base.state_pe_02
l10n_pe.district_pe_021201,base.pe,base.state_pe_02
l10n_pe.district_pe_021202,base.pe,base.state_pe_02
l10n_pe.district_pe_021203,base.pe,base.state_pe_02
l10n_pe.district_pe_021204,base.pe,base.state_pe_02
l10n_pe.district_pe_021205,base.pe,base.state_pe_02
l10n_pe.district_pe_021206,base.pe,base.state_pe_02
l10n_pe.district_pe_021207,base.pe,base.state_pe_02
l10n_pe.district_pe_021208,base.pe,base.state_pe_02
l10n_pe.district_pe_021209,base.pe,base.state_pe_02
l10n_pe.district_pe_021210,base.pe,base.state_pe_02
l10n_pe.district_pe_021301,base.pe,base.state_pe_02
l10n_pe.district_pe_021302,base.pe,base.state_pe_02
l10n_pe.district_pe_021303,base.pe,base.state_pe_02
l10n_pe.district_pe_021304,base.pe,base.state_pe_02
l10n_pe.district_pe_021305,base.pe,base.state_pe_02
l10n_pe.district_pe_021306,base.pe,base.state_pe_02
l10n_pe.district_pe_021307,base.pe,base.state_pe_02
l10n_pe.district_pe_021308,base.pe,base.state_pe_02
l10n_pe.district_pe_021401,base.pe,base.state_pe_02
l10n_pe.district_pe_021402,base.pe,base.state_pe_02
l10n_pe.district_pe_021403,base.pe,base.state_pe_02
l10n_pe.district_pe_021404,base.pe,base.state_pe_02
l10n_pe.district_pe_021405,base.pe,base.state_pe_02
l10n_pe.district_pe_021406,base.pe,base.state_pe_02
l10n_pe.district_pe_021407,base.pe,base.state_pe_02
l10n_pe.district_pe_021408,base.pe,base.state_pe_02
l10n_pe.district_pe_021409,base.pe,base.state_pe_02
l10n_pe.district_pe_021410,base.pe,base.state_pe_02
l10n_pe.district_pe_021501,base.pe,base.state_pe_02
l10n_pe.district_pe_021502,base.pe,base.state_pe_02
l10n_pe.district_pe_021503,base.pe,base.state_pe_02
l10n_pe.district_pe_021504,base.pe,base.state_pe_02
l10n_pe.district_pe_021505,base.pe,base.state_pe_02
l10n_pe.district_pe_021506,base.pe,base.state_pe_02
l10n_pe.district_pe_021507,base.pe,base.state_pe_02
l10n_pe.district_pe_021508,base.pe,base.state_pe_02
l10n_pe.district_pe_021509,base.pe,base.state_pe_02
l10n_pe.district_pe_021510,base.pe,base.state_pe_02
l10n_pe.district_pe_021511,base.pe,base.state_pe_02
l10n_pe.district_pe_021601,base.pe,base.state_pe_02
l10n_pe.district_pe_021602,base.pe,base.state_pe_02
l10n_pe.district_pe_021603,base.pe,base.state_pe_02
l10n_pe.district_pe_021604,base.pe,base.state_pe_02
l10n_pe.district_pe_021701,base.pe,base.state_pe_02
l10n_pe.district_pe_021702,base.pe,base.state_pe_02
l10n_pe.district_pe_021703,base.pe,base.state_pe_02
l10n_pe.district_pe_021704,base.pe,base.state_pe_02
l10n_pe.district_pe_021705,base.pe,base.state_pe_02
l10n_pe.district_pe_021706,base.pe,base.state_pe_02
l10n_pe.district_pe_021707,base.pe,base.state_pe_02
l10n_pe.district_pe_021708,base.pe,base.state_pe_02
l10n_pe.district_pe_021709,base.pe,base.state_pe_02
l10n_pe.district_pe_021710,base.pe,base.state_pe_02
l10n_pe.district_pe_021801,base.pe,base.state_pe_02
l10n_pe.district_pe_021802,base.pe,base.state_pe_02
l10n_pe.district_pe_021803,base.pe,base.state_pe_02
l10n_pe.district_pe_021804,base.pe,base.state_pe_02
l10n_pe.district_pe_021805,base.pe,base.state_pe_02
l10n_pe.district_pe_021806,base.pe,base.state_pe_02
l10n_pe.district_pe_021807,base.pe,base.state_pe_02
l10n_pe.district_pe_021808,base.pe,base.state_pe_02
l10n_pe.district_pe_021809,base.pe,base.state_pe_02
l10n_pe.district_pe_021901,base.pe,base.state_pe_02
l10n_pe.district_pe_021902,base.pe,base.state_pe_02
l10n_pe.district_pe_021903,base.pe,base.state_pe_02
l10n_pe.district_pe_021904,base.pe,base.state_pe_02
l10n_pe.district_pe_021905,base.pe,base.state_pe_02
l10n_pe.district_pe_021906,base.pe,base.state_pe_02
l10n_pe.district_pe_021907,base.pe,base.state_pe_02
l10n_pe.district_pe_021908,base.pe,base.state_pe_02
l10n_pe.district_pe_021909,base.pe,base.state_pe_02
l10n_pe.district_pe_021910,base.pe,base.state_pe_02
l10n_pe.district_pe_022001,base.pe,base.state_pe_02
l10n_pe.district_pe_022002,base.pe,base.state_pe_02
l10n_pe.district_pe_022003,base.pe,base.state_pe_02
l10n_pe.district_pe_022004,base.pe,base.state_pe_02
l10n_pe.district_pe_022005,base.pe,base.state_pe_02
l10n_pe.district_pe_022006,base.pe,base.state_pe_02
l10n_pe.district_pe_022007,base.pe,base.state_pe_02
l10n_pe.district_pe_022008,base.pe,base.state_pe_02
l10n_pe.district_pe_030101,base.pe,base.state_pe_03
l10n_pe.district_pe_030102,base.pe,base.state_pe_03
l10n_pe.district_pe_030103,base.pe,base.state_pe_03
l10n_pe.district_pe_030104,base.pe,base.state_pe_03
l10n_pe.district_pe_030105,base.pe,base.state_pe_03
l10n_pe.district_pe_030106,base.pe,base.state_pe_03
l10n_pe.district_pe_030107,base.pe,base.state_pe_03
l10n_pe.district_pe_030108,base.pe,base.state_pe_03
l10n_pe.district_pe_030109,base.pe,base.state_pe_03
l10n_pe.district_pe_030201,base.pe,base.state_pe_03
l10n_pe.district_pe_030202,base.pe,base.state_pe_03
l10n_pe.district_pe_030203,base.pe,base.state_pe_03
l10n_pe.district_pe_030204,base.pe,base.state_pe_03
l10n_pe.district_pe_030205,base.pe,base.state_pe_03
l10n_pe.district_pe_030206,base.pe,base.state_pe_03
l10n_pe.district_pe_030207,base.pe,base.state_pe_03
l10n_pe.district_pe_030208,base.pe,base.state_pe_03
l10n_pe.district_pe_030209,base.pe,base.state_pe_03
l10n_pe.district_pe_030210,base.pe,base.state_pe_03
l10n_pe.district_pe_030211,base.pe,base.state_pe_03
l10n_pe.district_pe_030212,base.pe,base.state_pe_03
l10n_pe.district_pe_030213,base.pe,base.state_pe_03
l10n_pe.district_pe_030214,base.pe,base.state_pe_03
l10n_pe.district_pe_030215,base.pe,base.state_pe_03
l10n_pe.district_pe_030216,base.pe,base.state_pe_03
l10n_pe.district_pe_030217,base.pe,base.state_pe_03
l10n_pe.district_pe_030218,base.pe,base.state_pe_03
l10n_pe.district_pe_030219,base.pe,base.state_pe_03
l10n_pe.district_pe_030220,base.pe,base.state_pe_03
l10n_pe.district_pe_030301,base.pe,base.state_pe_03
l10n_pe.district_pe_030302,base.pe,base.state_pe_03
l10n_pe.district_pe_030303,base.pe,base.state_pe_03
l10n_pe.district_pe_030304,base.pe,base.state_pe_03
l10n_pe.district_pe_030305,base.pe,base.state_pe_03
l10n_pe.district_pe_030306,base.pe,base.state_pe_03
l10n_pe.district_pe_030307,base.pe,base.state_pe_03
l10n_pe.district_pe_030401,base.pe,base.state_pe_03
l10n_pe.district_pe_030402,base.pe,base.state_pe_03
l10n_pe.district_pe_030403,base.pe,base.state_pe_03
l10n_pe.district_pe_030404,base.pe,base.state_pe_03
l10n_pe.district_pe_030405,base.pe,base.state_pe_03
l10n_pe.district_pe_030406,base.pe,base.state_pe_03
l10n_pe.district_pe_030407,base.pe,base.state_pe_03
l10n_pe.district_pe_030408,base.pe,base.state_pe_03
l10n_pe.district_pe_030409,base.pe,base.state_pe_03
l10n_pe.district_pe_030410,base.pe,base.state_pe_03
l10n_pe.district_pe_030411,base.pe,base.state_pe_03
l10n_pe.district_pe_030412,base.pe,base.state_pe_03
l10n_pe.district_pe_030413,base.pe,base.state_pe_03
l10n_pe.district_pe_030414,base.pe,base.state_pe_03
l10n_pe.district_pe_030415,base.pe,base.state_pe_03
l10n_pe.district_pe_030416,base.pe,base.state_pe_03
l10n_pe.district_pe_030417,base.pe,base.state_pe_03
l10n_pe.district_pe_030501,base.pe,base.state_pe_03
l10n_pe.district_pe_030502,base.pe,base.state_pe_03
l10n_pe.district_pe_030503,base.pe,base.state_pe_03
l10n_pe.district_pe_030504,base.pe,base.state_pe_03
l10n_pe.district_pe_030505,base.pe,base.state_pe_03
l10n_pe.district_pe_030506,base.pe,base.state_pe_03
l10n_pe.district_pe_030601,base.pe,base.state_pe_03
l10n_pe.district_pe_030602,base.pe,base.state_pe_03
l10n_pe.district_pe_030603,base.pe,base.state_pe_03
l10n_pe.district_pe_030604,base.pe,base.state_pe_03
l10n_pe.district_pe_030605,base.pe,base.state_pe_03
l10n_pe.district_pe_030606,base.pe,base.state_pe_03
l10n_pe.district_pe_030607,base.pe,base.state_pe_03
l10n_pe.district_pe_030608,base.pe,base.state_pe_03
l10n_pe.district_pe_030609,base.pe,base.state_pe_03
l10n_pe.district_pe_030610,base.pe,base.state_pe_03
l10n_pe.district_pe_030611,base.pe,base.state_pe_03
l10n_pe.district_pe_030701,base.pe,base.state_pe_03
l10n_pe.district_pe_030702,base.pe,base.state_pe_03
l10n_pe.district_pe_030703,base.pe,base.state_pe_03
l10n_pe.district_pe_030704,base.pe,base.state_pe_03
l10n_pe.district_pe_030705,base.pe,base.state_pe_03
l10n_pe.district_pe_030706,base.pe,base.state_pe_03
l10n_pe.district_pe_030707,base.pe,base.state_pe_03
l10n_pe.district_pe_030708,base.pe,base.state_pe_03
l10n_pe.district_pe_030709,base.pe,base.state_pe_03
l10n_pe.district_pe_030710,base.pe,base.state_pe_03
l10n_pe.district_pe_030711,base.pe,base.state_pe_03
l10n_pe.district_pe_030712,base.pe,base.state_pe_03
l10n_pe.district_pe_030713,base.pe,base.state_pe_03
l10n_pe.district_pe_030714,base.pe,base.state_pe_03
l10n_pe.district_pe_040101,base.pe,base.state_pe_04
l10n_pe.district_pe_040102,base.pe,base.state_pe_04
l10n_pe.district_pe_040103,base.pe,base.state_pe_04
l10n_pe.district_pe_040104,base.pe,base.state_pe_04
l10n_pe.district_pe_040105,base.pe,base.state_pe_04
l10n_pe.district_pe_040106,base.pe,base.state_pe_04
l10n_pe.district_pe_040107,base.pe,base.state_pe_04
l10n_pe.district_pe_040108,base.pe,base.state_pe_04
l10n_pe.district_pe_040109,base.pe,base.state_pe_04
l10n_pe.district_pe_040110,base.pe,base.state_pe_04
l10n_pe.district_pe_040111,base.pe,base.state_pe_04
l10n_pe.district_pe_040112,base.pe,base.state_pe_04
l10n_pe.district_pe_040113,base.pe,base.state_pe_04
l10n_pe.district_pe_040114,base.pe,base.state_pe_04
l10n_pe.district_pe_040115,base.pe,base.state_pe_04
l10n_pe.district_pe_040116,base.pe,base.state_pe_04
l10n_pe.district_pe_040117,base.pe,base.state_pe_04
l10n_pe.district_pe_040118,base.pe,base.state_pe_04
l10n_pe.district_pe_040119,base.pe,base.state_pe_04
l10n_pe.district_pe_040120,base.pe,base.state_pe_04
l10n_pe.district_pe_040121,base.pe,base.state_pe_04
l10n_pe.district_pe_040122,base.pe,base.state_pe_04
l10n_pe.district_pe_040123,base.pe,base.state_pe_04
l10n_pe.district_pe_040124,base.pe,base.state_pe_04
l10n_pe.district_pe_040125,base.pe,base.state_pe_04
l10n_pe.district_pe_040126,base.pe,base.state_pe_04
l10n_pe.district_pe_040127,base.pe,base.state_pe_04
l10n_pe.district_pe_040128,base.pe,base.state_pe_04
l10n_pe.district_pe_040129,base.pe,base.state_pe_04
l10n_pe.district_pe_040201,base.pe,base.state_pe_04
l10n_pe.district_pe_040202,base.pe,base.state_pe_04
l10n_pe.district_pe_040203,base.pe,base.state_pe_04
l10n_pe.district_pe_040204,base.pe,base.state_pe_04
l10n_pe.district_pe_040205,base.pe,base.state_pe_04
l10n_pe.district_pe_040206,base.pe,base.state_pe_04
l10n_pe.district_pe_040207,base.pe,base.state_pe_04
l10n_pe.district_pe_040208,base.pe,base.state_pe_04
l10n_pe.district_pe_040301,base.pe,base.state_pe_04
l10n_pe.district_pe_040302,base.pe,base.state_pe_04
l10n_pe.district_pe_040303,base.pe,base.state_pe_04
l10n_pe.district_pe_040304,base.pe,base.state_pe_04
l10n_pe.district_pe_040305,base.pe,base.state_pe_04
l10n_pe.district_pe_040306,base.pe,base.state_pe_04
l10n_pe.district_pe_040307,base.pe,base.state_pe_04
l10n_pe.district_pe_040308,base.pe,base.state_pe_04
l10n_pe.district_pe_040309,base.pe,base.state_pe_04
l10n_pe.district_pe_040310,base.pe,base.state_pe_04
l10n_pe.district_pe_040311,base.pe,base.state_pe_04
l10n_pe.district_pe_040312,base.pe,base.state_pe_04
l10n_pe.district_pe_040313,base.pe,base.state_pe_04
l10n_pe.district_pe_040401,base.pe,base.state_pe_04
l10n_pe.district_pe_040402,base.pe,base.state_pe_04
l10n_pe.district_pe_040403,base.pe,base.state_pe_04
l10n_pe.district_pe_040404,base.pe,base.state_pe_04
l10n_pe.district_pe_040405,base.pe,base.state_pe_04
l10n_pe.district_pe_040406,base.pe,base.state_pe_04
l10n_pe.district_pe_040407,base.pe,base.state_pe_04
l10n_pe.district_pe_040408,base.pe,base.state_pe_04
l10n_pe.district_pe_040409,base.pe,base.state_pe_04
l10n_pe.district_pe_040410,base.pe,base.state_pe_04
l10n_pe.district_pe_040411,base.pe,base.state_pe_04
l10n_pe.district_pe_040412,base.pe,base.state_pe_04
l10n_pe.district_pe_040413,base.pe,base.state_pe_04
l10n_pe.district_pe_040414,base.pe,base.state_pe_04
l10n_pe.district_pe_040501,base.pe,base.state_pe_04
l10n_pe.district_pe_040502,base.pe,base.state_pe_04
l10n_pe.district_pe_040503,base.pe,base.state_pe_04
l10n_pe.district_pe_040504,base.pe,base.state_pe_04
l10n_pe.district_pe_040505,base.pe,base.state_pe_04
l10n_pe.district_pe_040506,base.pe,base.state_pe_04
l10n_pe.district_pe_040507,base.pe,base.state_pe_04
l10n_pe.district_pe_040508,base.pe,base.state_pe_04
l10n_pe.district_pe_040509,base.pe,base.state_pe_04
l10n_pe.district_pe_040510,base.pe,base.state_pe_04
l10n_pe.district_pe_040511,base.pe,base.state_pe_04
l10n_pe.district_pe_040512,base.pe,base.state_pe_04
l10n_pe.district_pe_040513,base.pe,base.state_pe_04
l10n_pe.district_pe_040514,base.pe,base.state_pe_04
l10n_pe.district_pe_040515,base.pe,base.state_pe_04
l10n_pe.district_pe_040516,base.pe,base.state_pe_04
l10n_pe.district_pe_040517,base.pe,base.state_pe_04
l10n_pe.district_pe_040518,base.pe,base.state_pe_04
l10n_pe.district_pe_040519,base.pe,base.state_pe_04
l10n_pe.district_pe_040520,base.pe,base.state_pe_04
l10n_pe.district_pe_040601,base.pe,base.state_pe_04
l10n_pe.district_pe_040602,base.pe,base.state_pe_04
l10n_pe.district_pe_040603,base.pe,base.state_pe_04
l10n_pe.district_pe_040604,base.pe,base.state_pe_04
l10n_pe.district_pe_040605,base.pe,base.state_pe_04
l10n_pe.district_pe_040606,base.pe,base.state_pe_04
l10n_pe.district_pe_040607,base.pe,base.state_pe_04
l10n_pe.district_pe_040608,base.pe,base.state_pe_04
l10n_pe.district_pe_040701,base.pe,base.state_pe_04
l10n_pe.district_pe_040702,base.pe,base.state_pe_04
l10n_pe.district_pe_040703,base.pe,base.state_pe_04
l10n_pe.district_pe_040704,base.pe,base.state_pe_04
l10n_pe.district_pe_040705,base.pe,base.state_pe_04
l10n_pe.district_pe_040706,base.pe,base.state_pe_04
l10n_pe.district_pe_040801,base.pe,base.state_pe_04
l10n_pe.district_pe_040802,base.pe,base.state_pe_04
l10n_pe.district_pe_040803,base.pe,base.state_pe_04
l10n_pe.district_pe_040804,base.pe,base.state_pe_04
l10n_pe.district_pe_040805,base.pe,base.state_pe_04
l10n_pe.district_pe_040806,base.pe,base.state_pe_04
l10n_pe.district_pe_040807,base.pe,base.state_pe_04
l10n_pe.district_pe_040808,base.pe,base.state_pe_04
l10n_pe.district_pe_040809,base.pe,base.state_pe_04
l10n_pe.district_pe_040810,base.pe,base.state_pe_04
l10n_pe.district_pe_040811,base.pe,base.state_pe_04
l10n_pe.district_pe_050101,base.pe,base.state_pe_05
l10n_pe.district_pe_050102,base.pe,base.state_pe_05
l10n_pe.district_pe_050103,base.pe,base.state_pe_05
l10n_pe.district_pe_050104,base.pe,base.state_pe_05
l10n_pe.district_pe_050105,base.pe,base.state_pe_05
l10n_pe.district_pe_050106,base.pe,base.state_pe_05
l10n_pe.district_pe_050107,base.pe,base.state_pe_05
l10n_pe.district_pe_050108,base.pe,base.state_pe_05
l10n_pe.district_pe_050109,base.pe,base.state_pe_05
l10n_pe.district_pe_050110,base.pe,base.state_pe_05
l10n_pe.district_pe_050111,base.pe,base.state_pe_05
l10n_pe.district_pe_050112,base.pe,base.state_pe_05
l10n_pe.district_pe_050113,base.pe,base.state_pe_05
l10n_pe.district_pe_050114,base.pe,base.state_pe_05
l10n_pe.district_pe_050115,base.pe,base.state_pe_05
l10n_pe.district_pe_050116,base.pe,base.state_pe_05
l10n_pe.district_pe_050201,base.pe,base.state_pe_05
l10n_pe.district_pe_050202,base.pe,base.state_pe_05
l10n_pe.district_pe_050203,base.pe,base.state_pe_05
l10n_pe.district_pe_050204,base.pe,base.state_pe_05
l10n_pe.district_pe_050205,base.pe,base.state_pe_05
l10n_pe.district_pe_050206,base.pe,base.state_pe_05
l10n_pe.district_pe_050301,base.pe,base.state_pe_05
l10n_pe.district_pe_050302,base.pe,base.state_pe_05
l10n_pe.district_pe_050303,base.pe,base.state_pe_05
l10n_pe.district_pe_050304,base.pe,base.state_pe_05
l10n_pe.district_pe_050401,base.pe,base.state_pe_05
l10n_pe.district_pe_050402,base.pe,base.state_pe_05
l10n_pe.district_pe_050403,base.pe,base.state_pe_05
l10n_pe.district_pe_050404,base.pe,base.state_pe_05
l10n_pe.district_pe_050405,base.pe,base.state_pe_05
l10n_pe.district_pe_050406,base.pe,base.state_pe_05
l10n_pe.district_pe_050407,base.pe,base.state_pe_05
l10n_pe.district_pe_050408,base.pe,base.state_pe_05
l10n_pe.district_pe_050409,base.pe,base.state_pe_05
l10n_pe.district_pe_050410,base.pe,base.state_pe_05
l10n_pe.district_pe_050411,base.pe,base.state_pe_05
l10n_pe.district_pe_050412,base.pe,base.state_pe_05
l10n_pe.district_pe_050501,base.pe,base.state_pe_05
l10n_pe.district_pe_050502,base.pe,base.state_pe_05
l10n_pe.district_pe_050503,base.pe,base.state_pe_05
l10n_pe.district_pe_050504,base.pe,base.state_pe_05
l10n_pe.district_pe_050505,base.pe,base.state_pe_05
l10n_pe.district_pe_050506,base.pe,base.state_pe_05
l10n_pe.district_pe_050507,base.pe,base.state_pe_05
l10n_pe.district_pe_050508,base.pe,base.state_pe_05
l10n_pe.district_pe_050509,base.pe,base.state_pe_05
l10n_pe.district_pe_050510,base.pe,base.state_pe_05
l10n_pe.district_pe_050511,base.pe,base.state_pe_05
l10n_pe.district_pe_050601,base.pe,base.state_pe_05
l10n_pe.district_pe_050602,base.pe,base.state_pe_05
l10n_pe.district_pe_050603,base.pe,base.state_pe_05
l10n_pe.district_pe_050604,base.pe,base.state_pe_05
l10n_pe.district_pe_050605,base.pe,base.state_pe_05
l10n_pe.district_pe_050606,base.pe,base.state_pe_05
l10n_pe.district_pe_050607,base.pe,base.state_pe_05
l10n_pe.district_pe_050608,base.pe,base.state_pe_05
l10n_pe.district_pe_050609,base.pe,base.state_pe_05
l10n_pe.district_pe_050610,base.pe,base.state_pe_05
l10n_pe.district_pe_050611,base.pe,base.state_pe_05
l10n_pe.district_pe_050612,base.pe,base.state_pe_05
l10n_pe.district_pe_050613,base.pe,base.state_pe_05
l10n_pe.district_pe_050614,base.pe,base.state_pe_05
l10n_pe.district_pe_050615,base.pe,base.state_pe_05
l10n_pe.district_pe_050616,base.pe,base.state_pe_05
l10n_pe.district_pe_050617,base.pe,base.state_pe_05
l10n_pe.district_pe_050618,base.pe,base.state_pe_05
l10n_pe.district_pe_050619,base.pe,base.state_pe_05
l10n_pe.district_pe_050620,base.pe,base.state_pe_05
l10n_pe.district_pe_050621,base.pe,base.state_pe_05
l10n_pe.district_pe_050701,base.pe,base.state_pe_05
l10n_pe.district_pe_050702,base.pe,base.state_pe_05
l10n_pe.district_pe_050703,base.pe,base.state_pe_05
l10n_pe.district_pe_050704,base.pe,base.state_pe_05
l10n_pe.district_pe_050705,base.pe,base.state_pe_05
l10n_pe.district_pe_050706,base.pe,base.state_pe_05
l10n_pe.district_pe_050707,base.pe,base.state_pe_05
l10n_pe.district_pe_050708,base.pe,base.state_pe_05
l10n_pe.district_pe_050801,base.pe,base.state_pe_05
l10n_pe.district_pe_050802,base.pe,base.state_pe_05
l10n_pe.district_pe_050803,base.pe,base.state_pe_05
l10n_pe.district_pe_050804,base.pe,base.state_pe_05
l10n_pe.district_pe_050805,base.pe,base.state_pe_05
l10n_pe.district_pe_050806,base.pe,base.state_pe_05
l10n_pe.district_pe_050807,base.pe,base.state_pe_05
l10n_pe.district_pe_050808,base.pe,base.state_pe_05
l10n_pe.district_pe_050809,base.pe,base.state_pe_05
l10n_pe.district_pe_050810,base.pe,base.state_pe_05
l10n_pe.district_pe_050901,base.pe,base.state_pe_05
l10n_pe.district_pe_050902,base.pe,base.state_pe_05
l10n_pe.district_pe_050903,base.pe,base.state_pe_05
l10n_pe.district_pe_050904,base.pe,base.state_pe_05
l10n_pe.district_pe_050905,base.pe,base.state_pe_05
l10n_pe.district_pe_050906,base.pe,base.state_pe_05
l10n_pe.district_pe_050907,base.pe,base.state_pe_05
l10n_pe.district_pe_050908,base.pe,base.state_pe_05
l10n_pe.district_pe_050909,base.pe,base.state_pe_05
l10n_pe.district_pe_050910,base.pe,base.state_pe_05
l10n_pe.district_pe_050911,base.pe,base.state_pe_05
l10n_pe.district_pe_051001,base.pe,base.state_pe_05
l10n_pe.district_pe_051002,base.pe,base.state_pe_05
l10n_pe.district_pe_051003,base.pe,base.state_pe_05
l10n_pe.district_pe_051004,base.pe,base.state_pe_05
l10n_pe.district_pe_051005,base.pe,base.state_pe_05
l10n_pe.district_pe_051006,base.pe,base.state_pe_05
l10n_pe.district_pe_051007,base.pe,base.state_pe_05
l10n_pe.district_pe_051008,base.pe,base.state_pe_05
l10n_pe.district_pe_051009,base.pe,base.state_pe_05
l10n_pe.district_pe_051010,base.pe,base.state_pe_05
l10n_pe.district_pe_051011,base.pe,base.state_pe_05
l10n_pe.district_pe_051012,base.pe,base.state_pe_05
l10n_pe.district_pe_051101,base.pe,base.state_pe_05
l10n_pe.district_pe_051102,base.pe,base.state_pe_05
l10n_pe.district_pe_051103,base.pe,base.state_pe_05
l10n_pe.district_pe_051104,base.pe,base.state_pe_05
l10n_pe.district_pe_051105,base.pe,base.state_pe_05
l10n_pe.district_pe_051106,base.pe,base.state_pe_05
l10n_pe.district_pe_051107,base.pe,base.state_pe_05
l10n_pe.district_pe_051108,base.pe,base.state_pe_05
l10n_pe.district_pe_060101,base.pe,base.state_pe_06
l10n_pe.district_pe_060102,base.pe,base.state_pe_06
l10n_pe.district_pe_060103,base.pe,base.state_pe_06
l10n_pe.district_pe_060104,base.pe,base.state_pe_06
l10n_pe.district_pe_060105,base.pe,base.state_pe_06
l10n_pe.district_pe_060106,base.pe,base.state_pe_06
l10n_pe.district_pe_060107,base.pe,base.state_pe_06
l10n_pe.district_pe_060108,base.pe,base.state_pe_06
l10n_pe.district_pe_060109,base.pe,base.state_pe_06
l10n_pe.district_pe_060110,base.pe,base.state_pe_06
l10n_pe.district_pe_060111,base.pe,base.state_pe_06
l10n_pe.district_pe_060112,base.pe,base.state_pe_06
l10n_pe.district_pe_060201,base.pe,base.state_pe_06
l10n_pe.district_pe_060202,base.pe,base.state_pe_06
l10n_pe.district_pe_060203,base.pe,base.state_pe_06
l10n_pe.district_pe_060204,base.pe,base.state_pe_06
l10n_pe.district_pe_060301,base.pe,base.state_pe_06
l10n_pe.district_pe_060302,base.pe,base.state_pe_06
l10n_pe.district_pe_060303,base.pe,base.state_pe_06
l10n_pe.district_pe_060304,base.pe,base.state_pe_06
l10n_pe.district_pe_060305,base.pe,base.state_pe_06
l10n_pe.district_pe_060306,base.pe,base.state_pe_06
l10n_pe.district_pe_060307,base.pe,base.state_pe_06
l10n_pe.district_pe_060308,base.pe,base.state_pe_06
l10n_pe.district_pe_060309,base.pe,base.state_pe_06
l10n_pe.district_pe_060310,base.pe,base.state_pe_06
l10n_pe.district_pe_060311,base.pe,base.state_pe_06
l10n_pe.district_pe_060312,base.pe,base.state_pe_06
l10n_pe.district_pe_060401,base.pe,base.state_pe_06
l10n_pe.district_pe_060402,base.pe,base.state_pe_06
l10n_pe.district_pe_060403,base.pe,base.state_pe_06
l10n_pe.district_pe_060404,base.pe,base.state_pe_06
l10n_pe.district_pe_060405,base.pe,base.state_pe_06
l10n_pe.district_pe_060406,base.pe,base.state_pe_06
l10n_pe.district_pe_060407,base.pe,base.state_pe_06
l10n_pe.district_pe_060408,base.pe,base.state_pe_06
l10n_pe.district_pe_060409,base.pe,base.state_pe_06
l10n_pe.district_pe_060410,base.pe,base.state_pe_06
l10n_pe.district_pe_060411,base.pe,base.state_pe_06
l10n_pe.district_pe_060412,base.pe,base.state_pe_06
l10n_pe.district_pe_060413,base.pe,base.state_pe_06
l10n_pe.district_pe_060414,base.pe,base.state_pe_06
l10n_pe.district_pe_060415,base.pe,base.state_pe_06
l10n_pe.district_pe_060416,base.pe,base.state_pe_06
l10n_pe.district_pe_060417,base.pe,base.state_pe_06
l10n_pe.district_pe_060418,base.pe,base.state_pe_06
l10n_pe.district_pe_060419,base.pe,base.state_pe_06
l10n_pe.district_pe_060501,base.pe,base.state_pe_06
l10n_pe.district_pe_060502,base.pe,base.state_pe_06
l10n_pe.district_pe_060503,base.pe,base.state_pe_06
l10n_pe.district_pe_060504,base.pe,base.state_pe_06
l10n_pe.district_pe_060505,base.pe,base.state_pe_06
l10n_pe.district_pe_060506,base.pe,base.state_pe_06
l10n_pe.district_pe_060507,base.pe,base.state_pe_06
l10n_pe.district_pe_060508,base.pe,base.state_pe_06
l10n_pe.district_pe_060601,base.pe,base.state_pe_06
l10n_pe.district_pe_060602,base.pe,base.state_pe_06
l10n_pe.district_pe_060603,base.pe,base.state_pe_06
l10n_pe.district_pe_060604,base.pe,base.state_pe_06
l10n_pe.district_pe_060605,base.pe,base.state_pe_06
l10n_pe.district_pe_060606,base.pe,base.state_pe_06
l10n_pe.district_pe_060607,base.pe,base.state_pe_06
l10n_pe.district_pe_060608,base.pe,base.state_pe_06
l10n_pe.district_pe_060609,base.pe,base.state_pe_06
l10n_pe.district_pe_060610,base.pe,base.state_pe_06
l10n_pe.district_pe_060611,base.pe,base.state_pe_06
l10n_pe.district_pe_060612,base.pe,base.state_pe_06
l10n_pe.district_pe_060613,base.pe,base.state_pe_06
l10n_pe.district_pe_060614,base.pe,base.state_pe_06
l10n_pe.district_pe_060615,base.pe,base.state_pe_06
l10n_pe.district_pe_060701,base.pe,base.state_pe_06
l10n_pe.district_pe_060702,base.pe,base.state_pe_06
l10n_pe.district_pe_060703,base.pe,base.state_pe_06
l10n_pe.district_pe_060801,base.pe,base.state_pe_06
l10n_pe.district_pe_060802,base.pe,base.state_pe_06
l10n_pe.district_pe_060803,base.pe,base.state_pe_06
l10n_pe.district_pe_060804,base.pe,base.state_pe_06
l10n_pe.district_pe_060805,base.pe,base.state_pe_06
l10n_pe.district_pe_060806,base.pe,base.state_pe_06
l10n_pe.district_pe_060807,base.pe,base.state_pe_06
l10n_pe.district_pe_060808,base.pe,base.state_pe_06
l10n_pe.district_pe_060809,base.pe,base.state_pe_06
l10n_pe.district_pe_060810,base.pe,base.state_pe_06
l10n_pe.district_pe_060811,base.pe,base.state_pe_06
l10n_pe.district_pe_060812,base.pe,base.state_pe_06
l10n_pe.district_pe_060901,base.pe,base.state_pe_06
l10n_pe.district_pe_060902,base.pe,base.state_pe_06
l10n_pe.district_pe_060903,base.pe,base.state_pe_06
l10n_pe.district_pe_060904,base.pe,base.state_pe_06
l10n_pe.district_pe_060905,base.pe,base.state_pe_06
l10n_pe.district_pe_060906,base.pe,base.state_pe_06
l10n_pe.district_pe_060907,base.pe,base.state_pe_06
l10n_pe.district_pe_061001,base.pe,base.state_pe_06
l10n_pe.district_pe_061002,base.pe,base.state_pe_06
l10n_pe.district_pe_061003,base.pe,base.state_pe_06
l10n_pe.district_pe_061004,base.pe,base.state_pe_06
l10n_pe.district_pe_061005,base.pe,base.state_pe_06
l10n_pe.district_pe_061006,base.pe,base.state_pe_06
l10n_pe.district_pe_061007,base.pe,base.state_pe_06
l10n_pe.district_pe_061101,base.pe,base.state_pe_06
l10n_pe.district_pe_061102,base.pe,base.state_pe_06
l10n_pe.district_pe_061103,base.pe,base.state_pe_06
l10n_pe.district_pe_061104,base.pe,base.state_pe_06
l10n_pe.district_pe_061105,base.pe,base.state_pe_06
l10n_pe.district_pe_061106,base.pe,base.state_pe_06
l10n_pe.district_pe_061107,base.pe,base.state_pe_06
l10n_pe.district_pe_061108,base.pe,base.state_pe_06
l10n_pe.district_pe_061109,base.pe,base.state_pe_06
l10n_pe.district_pe_061110,base.pe,base.state_pe_06
l10n_pe.district_pe_061111,base.pe,base.state_pe_06
l10n_pe.district_pe_061112,base.pe,base.state_pe_06
l10n_pe.district_pe_061113,base.pe,base.state_pe_06
l10n_pe.district_pe_061201,base.pe,base.state_pe_06
l10n_pe.district_pe_061202,base.pe,base.state_pe_06
l10n_pe.district_pe_061203,base.pe,base.state_pe_06
l10n_pe.district_pe_061204,base.pe,base.state_pe_06
l10n_pe.district_pe_061301,base.pe,base.state_pe_06
l10n_pe.district_pe_061302,base.pe,base.state_pe_06
l10n_pe.district_pe_061303,base.pe,base.state_pe_06
l10n_pe.district_pe_061304,base.pe,base.state_pe_06
l10n_pe.district_pe_061305,base.pe,base.state_pe_06
l10n_pe.district_pe_061306,base.pe,base.state_pe_06
l10n_pe.district_pe_061307,base.pe,base.state_pe_06
l10n_pe.district_pe_061308,base.pe,base.state_pe_06
l10n_pe.district_pe_061309,base.pe,base.state_pe_06
l10n_pe.district_pe_061310,base.pe,base.state_pe_06
l10n_pe.district_pe_061311,base.pe,base.state_pe_06
l10n_pe.district_pe_070101,base.pe,base.state_pe_07
l10n_pe.district_pe_070102,base.pe,base.state_pe_07
l10n_pe.district_pe_070103,base.pe,base.state_pe_07
l10n_pe.district_pe_070104,base.pe,base.state_pe_07
l10n_pe.district_pe_070105,base.pe,base.state_pe_07
l10n_pe.district_pe_070106,base.pe,base.state_pe_07
l10n_pe.district_pe_070107,base.pe,base.state_pe_07
l10n_pe.district_pe_080101,base.pe,base.state_pe_08
l10n_pe.district_pe_080102,base.pe,base.state_pe_08
l10n_pe.district_pe_080103,base.pe,base.state_pe_08
l10n_pe.district_pe_080104,base.pe,base.state_pe_08
l10n_pe.district_pe_080105,base.pe,base.state_pe_08
l10n_pe.district_pe_080106,base.pe,base.state_pe_08
l10n_pe.district_pe_080107,base.pe,base.state_pe_08
l10n_pe.district_pe_080108,base.pe,base.state_pe_08
l10n_pe.district_pe_080201,base.pe,base.state_pe_08
l10n_pe.district_pe_080202,base.pe,base.state_pe_08
l10n_pe.district_pe_080203,base.pe,base.state_pe_08
l10n_pe.district_pe_080204,base.pe,base.state_pe_08
l10n_pe.district_pe_080205,base.pe,base.state_pe_08
l10n_pe.district_pe_080206,base.pe,base.state_pe_08
l10n_pe.district_pe_080207,base.pe,base.state_pe_08
l10n_pe.district_pe_080301,base.pe,base.state_pe_08
l10n_pe.district_pe_080302,base.pe,base.state_pe_08
l10n_pe.district_pe_080303,base.pe,base.state_pe_08
l10n_pe.district_pe_080304,base.pe,base.state_pe_08
l10n_pe.district_pe_080305,base.pe,base.state_pe_08
l10n_pe.district_pe_080306,base.pe,base.state_pe_08
l10n_pe.district_pe_080307,base.pe,base.state_pe_08
l10n_pe.district_pe_080308,base.pe,base.state_pe_08
l10n_pe.district_pe_080309,base.pe,base.state_pe_08
l10n_pe.district_pe_080401,base.pe,base.state_pe_08
l10n_pe.district_pe_080402,base.pe,base.state_pe_08
l10n_pe.district_pe_080403,base.pe,base.state_pe_08
l10n_pe.district_pe_080404,base.pe,base.state_pe_08
l10n_pe.district_pe_080405,base.pe,base.state_pe_08
l10n_pe.district_pe_080406,base.pe,base.state_pe_08
l10n_pe.district_pe_080407,base.pe,base.state_pe_08
l10n_pe.district_pe_080408,base.pe,base.state_pe_08
l10n_pe.district_pe_080501,base.pe,base.state_pe_08
l10n_pe.district_pe_080502,base.pe,base.state_pe_08
l10n_pe.district_pe_080503,base.pe,base.state_pe_08
l10n_pe.district_pe_080504,base.pe,base.state_pe_08
l10n_pe.district_pe_080505,base.pe,base.state_pe_08
l10n_pe.district_pe_080506,base.pe,base.state_pe_08
l10n_pe.district_pe_080507,base.pe,base.state_pe_08
l10n_pe.district_pe_080508,base.pe,base.state_pe_08
l10n_pe.district_pe_080601,base.pe,base.state_pe_08
l10n_pe.district_pe_080602,base.pe,base.state_pe_08
l10n_pe.district_pe_080603,base.pe,base.state_pe_08
l10n_pe.district_pe_080604,base.pe,base.state_pe_08
l10n_pe.district_pe_080605,base.pe,base.state_pe_08
l10n_pe.district_pe_080606,base.pe,base.state_pe_08
l10n_pe.district_pe_080607,base.pe,base.state_pe_08
l10n_pe.district_pe_080608,base.pe,base.state_pe_08
l10n_pe.district_pe_080701,base.pe,base.state_pe_08
l10n_pe.district_pe_080702,base.pe,base.state_pe_08
l10n_pe.district_pe_080703,base.pe,base.state_pe_08
l10n_pe.district_pe_080704,base.pe,base.state_pe_08
l10n_pe.district_pe_080705,base.pe,base.state_pe_08
l10n_pe.district_pe_080706,base.pe,base.state_pe_08
l10n_pe.district_pe_080707,base.pe,base.state_pe_08
l10n_pe.district_pe_080708,base.pe,base.state_pe_08
l10n_pe.district_pe_080801,base.pe,base.state_pe_08
l10n_pe.district_pe_080802,base.pe,base.state_pe_08
l10n_pe.district_pe_080803,base.pe,base.state_pe_08
l10n_pe.district_pe_080804,base.pe,base.state_pe_08
l10n_pe.district_pe_080805,base.pe,base.state_pe_08
l10n_pe.district_pe_080806,base.pe,base.state_pe_08
l10n_pe.district_pe_080807,base.pe,base.state_pe_08
l10n_pe.district_pe_080808,base.pe,base.state_pe_08
l10n_pe.district_pe_080901,base.pe,base.state_pe_08
l10n_pe.district_pe_080902,base.pe,base.state_pe_08
l10n_pe.district_pe_080903,base.pe,base.state_pe_08
l10n_pe.district_pe_080904,base.pe,base.state_pe_08
l10n_pe.district_pe_080905,base.pe,base.state_pe_08
l10n_pe.district_pe_080906,base.pe,base.state_pe_08
l10n_pe.district_pe_080907,base.pe,base.state_pe_08
l10n_pe.district_pe_080908,base.pe,base.state_pe_08
l10n_pe.district_pe_080909,base.pe,base.state_pe_08
l10n_pe.district_pe_080910,base.pe,base.state_pe_08
l10n_pe.district_pe_080911,base.pe,base.state_pe_08
l10n_pe.district_pe_080912,base.pe,base.state_pe_08
l10n_pe.district_pe_080913,base.pe,base.state_pe_08
l10n_pe.district_pe_080914,base.pe,base.state_pe_08
l10n_pe.district_pe_081001,base.pe,base.state_pe_08
l10n_pe.district_pe_081002,base.pe,base.state_pe_08
l10n_pe.district_pe_081003,base.pe,base.state_pe_08
l10n_pe.district_pe_081004,base.pe,base.state_pe_08
l10n_pe.district_pe_081005,base.pe,base.state_pe_08
l10n_pe.district_pe_081006,base.pe,base.state_pe_08
l10n_pe.district_pe_081007,base.pe,base.state_pe_08
l10n_pe.district_pe_081008,base.pe,base.state_pe_08
l10n_pe.district_pe_081009,base.pe,base.state_pe_08
l10n_pe.district_pe_081101,base.pe,base.state_pe_08
l10n_pe.district_pe_081102,base.pe,base.state_pe_08
l10n_pe.district_pe_081103,base.pe,base.state_pe_08
l10n_pe.district_pe_081104,base.pe,base.state_pe_08
l10n_pe.district_pe_081105,base.pe,base.state_pe_08
l10n_pe.district_pe_081106,base.pe,base.state_pe_08
l10n_pe.district_pe_081201,base.pe,base.state_pe_08
l10n_pe.district_pe_081202,base.pe,base.state_pe_08
l10n_pe.district_pe_081203,base.pe,base.state_pe_08
l10n_pe.district_pe_081204,base.pe,base.state_pe_08
l10n_pe.district_pe_081205,base.pe,base.state_pe_08
l10n_pe.district_pe_081206,base.pe,base.state_pe_08
l10n_pe.district_pe_081207,base.pe,base.state_pe_08
l10n_pe.district_pe_081208,base.pe,base.state_pe_08
l10n_pe.district_pe_081209,base.pe,base.state_pe_08
l10n_pe.district_pe_081210,base.pe,base.state_pe_08
l10n_pe.district_pe_081211,base.pe,base.state_pe_08
l10n_pe.district_pe_081212,base.pe,base.state_pe_08
l10n_pe.district_pe_081301,base.pe,base.state_pe_08
l10n_pe.district_pe_081302,base.pe,base.state_pe_08
l10n_pe.district_pe_081303,base.pe,base.state_pe_08
l10n_pe.district_pe_081304,base.pe,base.state_pe_08
l10n_pe.district_pe_081305,base.pe,base.state_pe_08
l10n_pe.district_pe_081306,base.pe,base.state_pe_08
l10n_pe.district_pe_081307,base.pe,base.state_pe_08
l10n_pe.district_pe_090101,base.pe,base.state_pe_09
l10n_pe.district_pe_090102,base.pe,base.state_pe_09
l10n_pe.district_pe_090103,base.pe,base.state_pe_09
l10n_pe.district_pe_090104,base.pe,base.state_pe_09
l10n_pe.district_pe_090105,base.pe,base.state_pe_09
l10n_pe.district_pe_090106,base.pe,base.state_pe_09
l10n_pe.district_pe_090107,base.pe,base.state_pe_09
l10n_pe.district_pe_090108,base.pe,base.state_pe_09
l10n_pe.district_pe_090109,base.pe,base.state_pe_09
l10n_pe.district_pe_090110,base.pe,base.state_pe_09
l10n_pe.district_pe_090111,base.pe,base.state_pe_09
l10n_pe.district_pe_090112,base.pe,base.state_pe_09
l10n_pe.district_pe_090113,base.pe,base.state_pe_09
l10n_pe.district_pe_090114,base.pe,base.state_pe_09
l10n_pe.district_pe_090115,base.pe,base.state_pe_09
l10n_pe.district_pe_090116,base.pe,base.state_pe_09
l10n_pe.district_pe_090117,base.pe,base.state_pe_09
l10n_pe.district_pe_090118,base.pe,base.state_pe_09
l10n_pe.district_pe_090119,base.pe,base.state_pe_09
l10n_pe.district_pe_090201,base.pe,base.state_pe_09
l10n_pe.district_pe_090202,base.pe,base.state_pe_09
l10n_pe.district_pe_090203,base.pe,base.state_pe_09
l10n_pe.district_pe_090204,base.pe,base.state_pe_09
l10n_pe.district_pe_090205,base.pe,base.state_pe_09
l10n_pe.district_pe_090206,base.pe,base.state_pe_09
l10n_pe.district_pe_090207,base.pe,base.state_pe_09
l10n_pe.district_pe_090208,base.pe,base.state_pe_09
l10n_pe.district_pe_090301,base.pe,base.state_pe_09
l10n_pe.district_pe_090302,base.pe,base.state_pe_09
l10n_pe.district_pe_090303,base.pe,base.state_pe_09
l10n_pe.district_pe_090304,base.pe,base.state_pe_09
l10n_pe.district_pe_090305,base.pe,base.state_pe_09
l10n_pe.district_pe_090306,base.pe,base.state_pe_09
l10n_pe.district_pe_090307,base.pe,base.state_pe_09
l10n_pe.district_pe_090308,base.pe,base.state_pe_09
l10n_pe.district_pe_090309,base.pe,base.state_pe_09
l10n_pe.district_pe_090310,base.pe,base.state_pe_09
l10n_pe.district_pe_090311,base.pe,base.state_pe_09
l10n_pe.district_pe_090312,base.pe,base.state_pe_09
l10n_pe.district_pe_090401,base.pe,base.state_pe_09
l10n_pe.district_pe_090402,base.pe,base.state_pe_09
l10n_pe.district_pe_090403,base.pe,base.state_pe_09
l10n_pe.district_pe_090404,base.pe,base.state_pe_09
l10n_pe.district_pe_090405,base.pe,base.state_pe_09
l10n_pe.district_pe_090406,base.pe,base.state_pe_09
l10n_pe.district_pe_090407,base.pe,base.state_pe_09
l10n_pe.district_pe_090408,base.pe,base.state_pe_09
l10n_pe.district_pe_090409,base.pe,base.state_pe_09
l10n_pe.district_pe_090410,base.pe,base.state_pe_09
l10n_pe.district_pe_090411,base.pe,base.state_pe_09
l10n_pe.district_pe_090412,base.pe,base.state_pe_09
l10n_pe.district_pe_090413,base.pe,base.state_pe_09
l10n_pe.district_pe_090501,base.pe,base.state_pe_09
l10n_pe.district_pe_090502,base.pe,base.state_pe_09
l10n_pe.district_pe_090503,base.pe,base.state_pe_09
l10n_pe.district_pe_090504,base.pe,base.state_pe_09
l10n_pe.district_pe_090505,base.pe,base.state_pe_09
l10n_pe.district_pe_090506,base.pe,base.state_pe_09
l10n_pe.district_pe_090507,base.pe,base.state_pe_09
l10n_pe.district_pe_090508,base.pe,base.state_pe_09
l10n_pe.district_pe_090509,base.pe,base.state_pe_09
l10n_pe.district_pe_090510,base.pe,base.state_pe_09
l10n_pe.district_pe_090511,base.pe,base.state_pe_09
l10n_pe.district_pe_090601,base.pe,base.state_pe_09
l10n_pe.district_pe_090602,base.pe,base.state_pe_09
l10n_pe.district_pe_090603,base.pe,base.state_pe_09
l10n_pe.district_pe_090604,base.pe,base.state_pe_09
l10n_pe.district_pe_090605,base.pe,base.state_pe_09
l10n_pe.district_pe_090606,base.pe,base.state_pe_09
l10n_pe.district_pe_090607,base.pe,base.state_pe_09
l10n_pe.district_pe_090608,base.pe,base.state_pe_09
l10n_pe.district_pe_090609,base.pe,base.state_pe_09
l10n_pe.district_pe_090610,base.pe,base.state_pe_09
l10n_pe.district_pe_090611,base.pe,base.state_pe_09
l10n_pe.district_pe_090612,base.pe,base.state_pe_09
l10n_pe.district_pe_090613,base.pe,base.state_pe_09
l10n_pe.district_pe_090614,base.pe,base.state_pe_09
l10n_pe.district_pe_090615,base.pe,base.state_pe_09
l10n_pe.district_pe_090616,base.pe,base.state_pe_09
l10n_pe.district_pe_090701,base.pe,base.state_pe_09
l10n_pe.district_pe_090702,base.pe,base.state_pe_09
l10n_pe.district_pe_090703,base.pe,base.state_pe_09
l10n_pe.district_pe_090704,base.pe,base.state_pe_09
l10n_pe.district_pe_090705,base.pe,base.state_pe_09
l10n_pe.district_pe_090706,base.pe,base.state_pe_09
l10n_pe.district_pe_090707,base.pe,base.state_pe_09
l10n_pe.district_pe_090709,base.pe,base.state_pe_09
l10n_pe.district_pe_090710,base.pe,base.state_pe_09
l10n_pe.district_pe_090711,base.pe,base.state_pe_09
l10n_pe.district_pe_090713,base.pe,base.state_pe_09
l10n_pe.district_pe_090714,base.pe,base.state_pe_09
l10n_pe.district_pe_090715,base.pe,base.state_pe_09
l10n_pe.district_pe_090716,base.pe,base.state_pe_09
l10n_pe.district_pe_090717,base.pe,base.state_pe_09
l10n_pe.district_pe_090718,base.pe,base.state_pe_09
l10n_pe.district_pe_090719,base.pe,base.state_pe_09
l10n_pe.district_pe_090720,base.pe,base.state_pe_09
l10n_pe.district_pe_090721,base.pe,base.state_pe_09
l10n_pe.district_pe_090722,base.pe,base.state_pe_09
l10n_pe.district_pe_090723,base.pe,base.state_pe_09
l10n_pe.district_pe_100101,base.pe,base.state_pe_10
l10n_pe.district_pe_100102,base.pe,base.state_pe_10
l10n_pe.district_pe_100103,base.pe,base.state_pe_10
l10n_pe.district_pe_100104,base.pe,base.state_pe_10
l10n_pe.district_pe_100105,base.pe,base.state_pe_10
l10n_pe.district_pe_100106,base.pe,base.state_pe_10
l10n_pe.district_pe_100107,base.pe,base.state_pe_10
l10n_pe.district_pe_100108,base.pe,base.state_pe_10
l10n_pe.district_pe_100109,base.pe,base.state_pe_10
l10n_pe.district_pe_100110,base.pe,base.state_pe_10
l10n_pe.district_pe_100111,base.pe,base.state_pe_10
l10n_pe.district_pe_100112,base.pe,base.state_pe_10
l10n_pe.district_pe_100113,base.pe,base.state_pe_10
l10n_pe.district_pe_100201,base.pe,base.state_pe_10
l10n_pe.district_pe_100202,base.pe,base.state_pe_10
l10n_pe.district_pe_100203,base.pe,base.state_pe_10
l10n_pe.district_pe_100204,base.pe,base.state_pe_10
l10n_pe.district_pe_100205,base.pe,base.state_pe_10
l10n_pe.district_pe_100206,base.pe,base.state_pe_10
l10n_pe.district_pe_100207,base.pe,base.state_pe_10
l10n_pe.district_pe_100208,base.pe,base.state_pe_10
l10n_pe.district_pe_100301,base.pe,base.state_pe_10
l10n_pe.district_pe_100307,base.pe,base.state_pe_10
l10n_pe.district_pe_100311,base.pe,base.state_pe_10
l10n_pe.district_pe_100313,base.pe,base.state_pe_10
l10n_pe.district_pe_100316,base.pe,base.state_pe_10
l10n_pe.district_pe_100317,base.pe,base.state_pe_10
l10n_pe.district_pe_100321,base.pe,base.state_pe_10
l10n_pe.district_pe_100322,base.pe,base.state_pe_10
l10n_pe.district_pe_100323,base.pe,base.state_pe_10
l10n_pe.district_pe_100401,base.pe,base.state_pe_10
l10n_pe.district_pe_100402,base.pe,base.state_pe_10
l10n_pe.district_pe_100403,base.pe,base.state_pe_10
l10n_pe.district_pe_100404,base.pe,base.state_pe_10
l10n_pe.district_pe_100501,base.pe,base.state_pe_10
l10n_pe.district_pe_100502,base.pe,base.state_pe_10
l10n_pe.district_pe_100503,base.pe,base.state_pe_10
l10n_pe.district_pe_100504,base.pe,base.state_pe_10
l10n_pe.district_pe_100505,base.pe,base.state_pe_10
l10n_pe.district_pe_100506,base.pe,base.state_pe_10
l10n_pe.district_pe_100507,base.pe,base.state_pe_10
l10n_pe.district_pe_100508,base.pe,base.state_pe_10
l10n_pe.district_pe_100509,base.pe,base.state_pe_10
l10n_pe.district_pe_100510,base.pe,base.state_pe_10
l10n_pe.district_pe_100511,base.pe,base.state_pe_10
l10n_pe.district_pe_100601,base.pe,base.state_pe_10
l10n_pe.district_pe_100602,base.pe,base.state_pe_10
l10n_pe.district_pe_100603,base.pe,base.state_pe_10
l10n_pe.district_pe_100604,base.pe,base.state_pe_10
l10n_pe.district_pe_100605,base.pe,base.state_pe_10
l10n_pe.district_pe_100606,base.pe,base.state_pe_10
l10n_pe.district_pe_100607,base.pe,base.state_pe_10
l10n_pe.district_pe_100608,base.pe,base.state_pe_10
l10n_pe.district_pe_100609,base.pe,base.state_pe_10
l10n_pe.district_pe_100610,base.pe,base.state_pe_10
l10n_pe.district_pe_100701,base.pe,base.state_pe_10
l10n_pe.district_pe_100702,base.pe,base.state_pe_10
l10n_pe.district_pe_100703,base.pe,base.state_pe_10
l10n_pe.district_pe_100704,base.pe,base.state_pe_10
l10n_pe.district_pe_100705,base.pe,base.state_pe_10
l10n_pe.district_pe_100801,base.pe,base.state_pe_10
l10n_pe.district_pe_100802,base.pe,base.state_pe_10
l10n_pe.district_pe_100803,base.pe,base.state_pe_10
l10n_pe.district_pe_100804,base.pe,base.state_pe_10
l10n_pe.district_pe_100901,base.pe,base.state_pe_10
l10n_pe.district_pe_100902,base.pe,base.state_pe_10
l10n_pe.district_pe_100903,base.pe,base.state_pe_10
l10n_pe.district_pe_100904,base.pe,base.state_pe_10
l10n_pe.district_pe_100905,base.pe,base.state_pe_10
l10n_pe.district_pe_101001,base.pe,base.state_pe_10
l10n_pe.district_pe_101002,base.pe,base.state_pe_10
l10n_pe.district_pe_101003,base.pe,base.state_pe_10
l10n_pe.district_pe_101004,base.pe,base.state_pe_10
l10n_pe.district_pe_101005,base.pe,base.state_pe_10
l10n_pe.district_pe_101006,base.pe,base.state_pe_10
l10n_pe.district_pe_101007,base.pe,base.state_pe_10
l10n_pe.district_pe_101101,base.pe,base.state_pe_10
l10n_pe.district_pe_101102,base.pe,base.state_pe_10
l10n_pe.district_pe_101103,base.pe,base.state_pe_10
l10n_pe.district_pe_101104,base.pe,base.state_pe_10
l10n_pe.district_pe_101105,base.pe,base.state_pe_10
l10n_pe.district_pe_101106,base.pe,base.state_pe_10
l10n_pe.district_pe_101107,base.pe,base.state_pe_10
l10n_pe.district_pe_101108,base.pe,base.state_pe_10
l10n_pe.district_pe_110101,base.pe,base.state_pe_11
l10n_pe.district_pe_110102,base.pe,base.state_pe_11
l10n_pe.district_pe_110103,base.pe,base.state_pe_11
l10n_pe.district_pe_110104,base.pe,base.state_pe_11
l10n_pe.district_pe_110105,base.pe,base.state_pe_11
l10n_pe.district_pe_110106,base.pe,base.state_pe_11
l10n_pe.district_pe_110107,base.pe,base.state_pe_11
l10n_pe.district_pe_110108,base.pe,base.state_pe_11
l10n_pe.district_pe_110109,base.pe,base.state_pe_11
l10n_pe.district_pe_110110,base.pe,base.state_pe_11
l10n_pe.district_pe_110111,base.pe,base.state_pe_11
l10n_pe.district_pe_110112,base.pe,base.state_pe_11
l10n_pe.district_pe_110113,base.pe,base.state_pe_11
l10n_pe.district_pe_110114,base.pe,base.state_pe_11
l10n_pe.district_pe_110201,base.pe,base.state_pe_11
l10n_pe.district_pe_110202,base.pe,base.state_pe_11
l10n_pe.district_pe_110203,base.pe,base.state_pe_11
l10n_pe.district_pe_110204,base.pe,base.state_pe_11
l10n_pe.district_pe_110205,base.pe,base.state_pe_11
l10n_pe.district_pe_110206,base.pe,base.state_pe_11
l10n_pe.district_pe_110207,base.pe,base.state_pe_11
l10n_pe.district_pe_110208,base.pe,base.state_pe_11
l10n_pe.district_pe_110209,base.pe,base.state_pe_11
l10n_pe.district_pe_110210,base.pe,base.state_pe_11
l10n_pe.district_pe_110211,base.pe,base.state_pe_11
l10n_pe.district_pe_110301,base.pe,base.state_pe_11
l10n_pe.district_pe_110302,base.pe,base.state_pe_11
l10n_pe.district_pe_110303,base.pe,base.state_pe_11
l10n_pe.district_pe_110304,base.pe,base.state_pe_11
l10n_pe.district_pe_110305,base.pe,base.state_pe_11
l10n_pe.district_pe_110401,base.pe,base.state_pe_11
l10n_pe.district_pe_110402,base.pe,base.state_pe_11
l10n_pe.district_pe_110403,base.pe,base.state_pe_11
l10n_pe.district_pe_110404,base.pe,base.state_pe_11
l10n_pe.district_pe_110405,base.pe,base.state_pe_11
l10n_pe.district_pe_110501,base.pe,base.state_pe_11
l10n_pe.district_pe_110502,base.pe,base.state_pe_11
l10n_pe.district_pe_110503,base.pe,base.state_pe_11
l10n_pe.district_pe_110504,base.pe,base.state_pe_11
l10n_pe.district_pe_110505,base.pe,base.state_pe_11
l10n_pe.district_pe_110506,base.pe,base.state_pe_11
l10n_pe.district_pe_110507,base.pe,base.state_pe_11
l10n_pe.district_pe_110508,base.pe,base.state_pe_11
l10n_pe.district_pe_120101,base.pe,base.state_pe_12
l10n_pe.district_pe_120104,base.pe,base.state_pe_12
l10n_pe.district_pe_120105,base.pe,base.state_pe_12
l10n_pe.district_pe_120106,base.pe,base.state_pe_12
l10n_pe.district_pe_120107,base.pe,base.state_pe_12
l10n_pe.district_pe_120108,base.pe,base.state_pe_12
l10n_pe.district_pe_120111,base.pe,base.state_pe_12
l10n_pe.district_pe_120112,base.pe,base.state_pe_12
l10n_pe.district_pe_120113,base.pe,base.state_pe_12
l10n_pe.district_pe_120114,base.pe,base.state_pe_12
l10n_pe.district_pe_120116,base.pe,base.state_pe_12
l10n_pe.district_pe_120117,base.pe,base.state_pe_12
l10n_pe.district_pe_120119,base.pe,base.state_pe_12
l10n_pe.district_pe_120120,base.pe,base.state_pe_12
l10n_pe.district_pe_120121,base.pe,base.state_pe_12
l10n_pe.district_pe_120122,base.pe,base.state_pe_12
l10n_pe.district_pe_120124,base.pe,base.state_pe_12
l10n_pe.district_pe_120125,base.pe,base.state_pe_12
l10n_pe.district_pe_120126,base.pe,base.state_pe_12
l10n_pe.district_pe_120127,base.pe,base.state_pe_12
l10n_pe.district_pe_120128,base.pe,base.state_pe_12
l10n_pe.district_pe_120129,base.pe,base.state_pe_12
l10n_pe.district_pe_120130,base.pe,base.state_pe_12
l10n_pe.district_pe_120132,base.pe,base.state_pe_12
l10n_pe.district_pe_120133,base.pe,base.state_pe_12
l10n_pe.district_pe_120134,base.pe,base.state_pe_12
l10n_pe.district_pe_120135,base.pe,base.state_pe_12
l10n_pe.district_pe_120136,base.pe,base.state_pe_12
l10n_pe.district_pe_120201,base.pe,base.state_pe_12
l10n_pe.district_pe_120202,base.pe,base.state_pe_12
l10n_pe.district_pe_120203,base.pe,base.state_pe_12
l10n_pe.district_pe_120204,base.pe,base.state_pe_12
l10n_pe.district_pe_120205,base.pe,base.state_pe_12
l10n_pe.district_pe_120206,base.pe,base.state_pe_12
l10n_pe.district_pe_120207,base.pe,base.state_pe_12
l10n_pe.district_pe_120208,base.pe,base.state_pe_12
l10n_pe.district_pe_120209,base.pe,base.state_pe_12
l10n_pe.district_pe_120210,base.pe,base.state_pe_12
l10n_pe.district_pe_120211,base.pe,base.state_pe_12
l10n_pe.district_pe_120212,base.pe,base.state_pe_12
l10n_pe.district_pe_120213,base.pe,base.state_pe_12
l10n_pe.district_pe_120214,base.pe,base.state_pe_12
l10n_pe.district_pe_120215,base.pe,base.state_pe_12
l10n_pe.district_pe_120301,base.pe,base.state_pe_12
l10n_pe.district_pe_120302,base.pe,base.state_pe_12
l10n_pe.district_pe_120303,base.pe,base.state_pe_12
l10n_pe.district_pe_120304,base.pe,base.state_pe_12
l10n_pe.district_pe_120305,base.pe,base.state_pe_12
l10n_pe.district_pe_120306,base.pe,base.state_pe_12
l10n_pe.district_pe_120401,base.pe,base.state_pe_12
l10n_pe.district_pe_120402,base.pe,base.state_pe_12
l10n_pe.district_pe_120403,base.pe,base.state_pe_12
l10n_pe.district_pe_120404,base.pe,base.state_pe_12
l10n_pe.district_pe_120405,base.pe,base.state_pe_12
l10n_pe.district_pe_120406,base.pe,base.state_pe_12
l10n_pe.district_pe_120407,base.pe,base.state_pe_12
l10n_pe.district_pe_120408,base.pe,base.state_pe_12
l10n_pe.district_pe_120409,base.pe,base.state_pe_12
l10n_pe.district_pe_120410,base.pe,base.state_pe_12
l10n_pe.district_pe_120411,base.pe,base.state_pe_12
l10n_pe.district_pe_120412,base.pe,base.state_pe_12
l10n_pe.district_pe_120413,base.pe,base.state_pe_12
l10n_pe.district_pe_120414,base.pe,base.state_pe_12
l10n_pe.district_pe_120415,base.pe,base.state_pe_12
l10n_pe.district_pe_120416,base.pe,base.state_pe_12
l10n_pe.district_pe_120417,base.pe,base.state_pe_12
l10n_pe.district_pe_120418,base.pe,base.state_pe_12
l10n_pe.district_pe_120419,base.pe,base.state_pe_12
l10n_pe.district_pe_120420,base.pe,base.state_pe_12
l10n_pe.district_pe_120421,base.pe,base.state_pe_12
l10n_pe.district_pe_120422,base.pe,base.state_pe_12
l10n_pe.district_pe_120423,base.pe,base.state_pe_12
l10n_pe.district_pe_120424,base.pe,base.state_pe_12
l10n_pe.district_pe_120425,base.pe,base.state_pe_12
l10n_pe.district_pe_120426,base.pe,base.state_pe_12
l10n_pe.district_pe_120427,base.pe,base.state_pe_12
l10n_pe.district_pe_120428,base.pe,base.state_pe_12
l10n_pe.district_pe_120429,base.pe,base.state_pe_12
l10n_pe.district_pe_120430,base.pe,base.state_pe_12
l10n_pe.district_pe_120431,base.pe,base.state_pe_12
l10n_pe.district_pe_120432,base.pe,base.state_pe_12
l10n_pe.district_pe_120433,base.pe,base.state_pe_12
l10n_pe.district_pe_120434,base.pe,base.state_pe_12
l10n_pe.district_pe_120501,base.pe,base.state_pe_12
l10n_pe.district_pe_120502,base.pe,base.state_pe_12
l10n_pe.district_pe_120503,base.pe,base.state_pe_12
l10n_pe.district_pe_120504,base.pe,base.state_pe_12
l10n_pe.district_pe_120601,base.pe,base.state_pe_12
l10n_pe.district_pe_120602,base.pe,base.state_pe_12
l10n_pe.district_pe_120603,base.pe,base.state_pe_12
l10n_pe.district_pe_120604,base.pe,base.state_pe_12
l10n_pe.district_pe_120605,base.pe,base.state_pe_12
l10n_pe.district_pe_120606,base.pe,base.state_pe_12
l10n_pe.district_pe_120607,base.pe,base.state_pe_12
l10n_pe.district_pe_120608,base.pe,base.state_pe_12
l10n_pe.district_pe_120609,base.pe,base.state_pe_12
l10n_pe.district_pe_120701,base.pe,base.state_pe_12
l10n_pe.district_pe_120702,base.pe,base.state_pe_12
l10n_pe.district_pe_120703,base.pe,base.state_pe_12
l10n_pe.district_pe_120704,base.pe,base.state_pe_12
l10n_pe.district_pe_120705,base.pe,base.state_pe_12
l10n_pe.district_pe_120706,base.pe,base.state_pe_12
l10n_pe.district_pe_120707,base.pe,base.state_pe_12
l10n_pe.district_pe_120708,base.pe,base.state_pe_12
l10n_pe.district_pe_120709,base.pe,base.state_pe_12
l10n_pe.district_pe_120801,base.pe,base.state_pe_12
l10n_pe.district_pe_120802,base.pe,base.state_pe_12
l10n_pe.district_pe_120803,base.pe,base.state_pe_12
l10n_pe.district_pe_120804,base.pe,base.state_pe_12
l10n_pe.district_pe_120805,base.pe,base.state_pe_12
l10n_pe.district_pe_120806,base.pe,base.state_pe_12
l10n_pe.district_pe_120807,base.pe,base.state_pe_12
l10n_pe.district_pe_120808,base.pe,base.state_pe_12
l10n_pe.district_pe_120809,base.pe,base.state_pe_12
l10n_pe.district_pe_120810,base.pe,base.state_pe_12
l10n_pe.district_pe_120901,base.pe,base.state_pe_12
l10n_pe.district_pe_120902,base.pe,base.state_pe_12
l10n_pe.district_pe_120903,base.pe,base.state_pe_12
l10n_pe.district_pe_120904,base.pe,base.state_pe_12
l10n_pe.district_pe_120905,base.pe,base.state_pe_12
l10n_pe.district_pe_120906,base.pe,base.state_pe_12
l10n_pe.district_pe_120907,base.pe,base.state_pe_12
l10n_pe.district_pe_120908,base.pe,base.state_pe_12
l10n_pe.district_pe_120909,base.pe,base.state_pe_12
l10n_pe.district_pe_130101,base.pe,base.state_pe_13
l10n_pe.district_pe_130102,base.pe,base.state_pe_13
l10n_pe.district_pe_130103,base.pe,base.state_pe_13
l10n_pe.district_pe_130104,base.pe,base.state_pe_13
l10n_pe.district_pe_130105,base.pe,base.state_pe_13
l10n_pe.district_pe_130106,base.pe,base.state_pe_13
l10n_pe.district_pe_130107,base.pe,base.state_pe_13
l10n_pe.district_pe_130108,base.pe,base.state_pe_13
l10n_pe.district_pe_130109,base.pe,base.state_pe_13
l10n_pe.district_pe_130110,base.pe,base.state_pe_13
l10n_pe.district_pe_130111,base.pe,base.state_pe_13
l10n_pe.district_pe_130201,base.pe,base.state_pe_13
l10n_pe.district_pe_130202,base.pe,base.state_pe_13
l10n_pe.district_pe_130203,base.pe,base.state_pe_13
l10n_pe.district_pe_130204,base.pe,base.state_pe_13
l10n_pe.district_pe_130205,base.pe,base.state_pe_13
l10n_pe.district_pe_130206,base.pe,base.state_pe_13
l10n_pe.district_pe_130207,base.pe,base.state_pe_13
l10n_pe.district_pe_130208,base.pe,base.state_pe_13
l10n_pe.district_pe_130301,base.pe,base.state_pe_13
l10n_pe.district_pe_130302,base.pe,base.state_pe_13
l10n_pe.district_pe_130303,base.pe,base.state_pe_13
l10n_pe.district_pe_130304,base.pe,base.state_pe_13
l10n_pe.district_pe_130305,base.pe,base.state_pe_13
l10n_pe.district_pe_130306,base.pe,base.state_pe_13
l10n_pe.district_pe_130401,base.pe,base.state_pe_13
l10n_pe.district_pe_130402,base.pe,base.state_pe_13
l10n_pe.district_pe_130403,base.pe,base.state_pe_13
l10n_pe.district_pe_130501,base.pe,base.state_pe_13
l10n_pe.district_pe_130502,base.pe,base.state_pe_13
l10n_pe.district_pe_130503,base.pe,base.state_pe_13
l10n_pe.district_pe_130504,base.pe,base.state_pe_13
l10n_pe.district_pe_130601,base.pe,base.state_pe_13
l10n_pe.district_pe_130602,base.pe,base.state_pe_13
l10n_pe.district_pe_130604,base.pe,base.state_pe_13
l10n_pe.district_pe_130605,base.pe,base.state_pe_13
l10n_pe.district_pe_130606,base.pe,base.state_pe_13
l10n_pe.district_pe_130608,base.pe,base.state_pe_13
l10n_pe.district_pe_130610,base.pe,base.state_pe_13
l10n_pe.district_pe_130611,base.pe,base.state_pe_13
l10n_pe.district_pe_130613,base.pe,base.state_pe_13
l10n_pe.district_pe_130614,base.pe,base.state_pe_13
l10n_pe.district_pe_130701,base.pe,base.state_pe_13
l10n_pe.district_pe_130702,base.pe,base.state_pe_13
l10n_pe.district_pe_130703,base.pe,base.state_pe_13
l10n_pe.district_pe_130704,base.pe,base.state_pe_13
l10n_pe.district_pe_130705,base.pe,base.state_pe_13
l10n_pe.district_pe_130801,base.pe,base.state_pe_13
l10n_pe.district_pe_130802,base.pe,base.state_pe_13
l10n_pe.district_pe_130803,base.pe,base.state_pe_13
l10n_pe.district_pe_130804,base.pe,base.state_pe_13
l10n_pe.district_pe_130805,base.pe,base.state_pe_13
l10n_pe.district_pe_130806,base.pe,base.state_pe_13
l10n_pe.district_pe_130807,base.pe,base.state_pe_13
l10n_pe.district_pe_130808,base.pe,base.state_pe_13
l10n_pe.district_pe_130809,base.pe,base.state_pe_13
l10n_pe.district_pe_130810,base.pe,base.state_pe_13
l10n_pe.district_pe_130811,base.pe,base.state_pe_13
l10n_pe.district_pe_130812,base.pe,base.state_pe_13
l10n_pe.district_pe_130813,base.pe,base.state_pe_13
l10n_pe.district_pe_130901,base.pe,base.state_pe_13
l10n_pe.district_pe_130902,base.pe,base.state_pe_13
l10n_pe.district_pe_130903,base.pe,base.state_pe_13
l10n_pe.district_pe_130904,base.pe,base.state_pe_13
l10n_pe.district_pe_130905,base.pe,base.state_pe_13
l10n_pe.district_pe_130906,base.pe,base.state_pe_13
l10n_pe.district_pe_130907,base.pe,base.state_pe_13
l10n_pe.district_pe_130908,base.pe,base.state_pe_13
l10n_pe.district_pe_131001,base.pe,base.state_pe_13
l10n_pe.district_pe_131002,base.pe,base.state_pe_13
l10n_pe.district_pe_131003,base.pe,base.state_pe_13
l10n_pe.district_pe_131004,base.pe,base.state_pe_13
l10n_pe.district_pe_131005,base.pe,base.state_pe_13
l10n_pe.district_pe_131006,base.pe,base.state_pe_13
l10n_pe.district_pe_131007,base.pe,base.state_pe_13
l10n_pe.district_pe_131008,base.pe,base.state_pe_13
l10n_pe.district_pe_131101,base.pe,base.state_pe_13
l10n_pe.district_pe_131102,base.pe,base.state_pe_13
l10n_pe.district_pe_131103,base.pe,base.state_pe_13
l10n_pe.district_pe_131104,base.pe,base.state_pe_13
l10n_pe.district_pe_131201,base.pe,base.state_pe_13
l10n_pe.district_pe_131202,base.pe,base.state_pe_13
l10n_pe.district_pe_131203,base.pe,base.state_pe_13
l10n_pe.district_pe_140101,base.pe,base.state_pe_14
l10n_pe.district_pe_140102,base.pe,base.state_pe_14
l10n_pe.district_pe_140103,base.pe,base.state_pe_14
l10n_pe.district_pe_140104,base.pe,base.state_pe_14
l10n_pe.district_pe_140105,base.pe,base.state_pe_14
l10n_pe.district_pe_140106,base.pe,base.state_pe_14
l10n_pe.district_pe_140107,base.pe,base.state_pe_14
l10n_pe.district_pe_140108,base.pe,base.state_pe_14
l10n_pe.district_pe_140109,base.pe,base.state_pe_14
l10n_pe.district_pe_140110,base.pe,base.state_pe_14
l10n_pe.district_pe_140111,base.pe,base.state_pe_14
l10n_pe.district_pe_140112,base.pe,base.state_pe_14
l10n_pe.district_pe_140113,base.pe,base.state_pe_14
l10n_pe.district_pe_140114,base.pe,base.state_pe_14
l10n_pe.district_pe_140115,base.pe,base.state_pe_14
l10n_pe.district_pe_140116,base.pe,base.state_pe_14
l10n_pe.district_pe_140117,base.pe,base.state_pe_14
l10n_pe.district_pe_140118,base.pe,base.state_pe_14
l10n_pe.district_pe_140119,base.pe,base.state_pe_14
l10n_pe.district_pe_140120,base.pe,base.state_pe_14
l10n_pe.district_pe_140201,base.pe,base.state_pe_14
l10n_pe.district_pe_140202,base.pe,base.state_pe_14
l10n_pe.district_pe_140203,base.pe,base.state_pe_14
l10n_pe.district_pe_140204,base.pe,base.state_pe_14
l10n_pe.district_pe_140205,base.pe,base.state_pe_14
l10n_pe.district_pe_140206,base.pe,base.state_pe_14
l10n_pe.district_pe_140301,base.pe,base.state_pe_14
l10n_pe.district_pe_140302,base.pe,base.state_pe_14
l10n_pe.district_pe_140303,base.pe,base.state_pe_14
l10n_pe.district_pe_140304,base.pe,base.state_pe_14
l10n_pe.district_pe_140305,base.pe,base.state_pe_14
l10n_pe.district_pe_140306,base.pe,base.state_pe_14
l10n_pe.district_pe_140307,base.pe,base.state_pe_14
l10n_pe.district_pe_140308,base.pe,base.state_pe_14
l10n_pe.district_pe_140309,base.pe,base.state_pe_14
l10n_pe.district_pe_140310,base.pe,base.state_pe_14
l10n_pe.district_pe_140311,base.pe,base.state_pe_14
l10n_pe.district_pe_140312,base.pe,base.state_pe_14
l10n_pe.district_pe_150101,base.pe,base.state_pe_15
l10n_pe.district_pe_150102,base.pe,base.state_pe_15
l10n_pe.district_pe_150103,base.pe,base.state_pe_15
l10n_pe.district_pe_150104,base.pe,base.state_pe_15
l10n_pe.district_pe_150105,base.pe,base.state_pe_15
l10n_pe.district_pe_150106,base.pe,base.state_pe_15
l10n_pe.district_pe_150107,base.pe,base.state_pe_15
l10n_pe.district_pe_150108,base.pe,base.state_pe_15
l10n_pe.district_pe_150109,base.pe,base.state_pe_15
l10n_pe.district_pe_150110,base.pe,base.state_pe_15
l10n_pe.district_pe_150111,base.pe,base.state_pe_15
l10n_pe.district_pe_150112,base.pe,base.state_pe_15
l10n_pe.district_pe_150113,base.pe,base.state_pe_15
l10n_pe.district_pe_150114,base.pe,base.state_pe_15
l10n_pe.district_pe_150115,base.pe,base.state_pe_15
l10n_pe.district_pe_150116,base.pe,base.state_pe_15
l10n_pe.district_pe_150117,base.pe,base.state_pe_15
l10n_pe.district_pe_150118,base.pe,base.state_pe_15
l10n_pe.district_pe_150119,base.pe,base.state_pe_15
l10n_pe.district_pe_150120,base.pe,base.state_pe_15
l10n_pe.district_pe_150121,base.pe,base.state_pe_15
l10n_pe.district_pe_150122,base.pe,base.state_pe_15
l10n_pe.district_pe_150123,base.pe,base.state_pe_15
l10n_pe.district_pe_150124,base.pe,base.state_pe_15
l10n_pe.district_pe_150125,base.pe,base.state_pe_15
l10n_pe.district_pe_150126,base.pe,base.state_pe_15
l10n_pe.district_pe_150127,base.pe,base.state_pe_15
l10n_pe.district_pe_150128,base.pe,base.state_pe_15
l10n_pe.district_pe_150129,base.pe,base.state_pe_15
l10n_pe.district_pe_150130,base.pe,base.state_pe_15
l10n_pe.district_pe_150131,base.pe,base.state_pe_15
l10n_pe.district_pe_150132,base.pe,base.state_pe_15
l10n_pe.district_pe_150133,base.pe,base.state_pe_15
l10n_pe.district_pe_150134,base.pe,base.state_pe_15
l10n_pe.district_pe_150135,base.pe,base.state_pe_15
l10n_pe.district_pe_150136,base.pe,base.state_pe_15
l10n_pe.district_pe_150137,base.pe,base.state_pe_15
l10n_pe.district_pe_150138,base.pe,base.state_pe_15
l10n_pe.district_pe_150139,base.pe,base.state_pe_15
l10n_pe.district_pe_150140,base.pe,base.state_pe_15
l10n_pe.district_pe_150141,base.pe,base.state_pe_15
l10n_pe.district_pe_150142,base.pe,base.state_pe_15
l10n_pe.district_pe_150143,base.pe,base.state_pe_15
l10n_pe.district_pe_150201,base.pe,base.state_pe_15
l10n_pe.district_pe_150202,base.pe,base.state_pe_15
l10n_pe.district_pe_150203,base.pe,base.state_pe_15
l10n_pe.district_pe_150204,base.pe,base.state_pe_15
l10n_pe.district_pe_150205,base.pe,base.state_pe_15
l10n_pe.district_pe_150301,base.pe,base.state_pe_15
l10n_pe.district_pe_150302,base.pe,base.state_pe_15
l10n_pe.district_pe_150303,base.pe,base.state_pe_15
l10n_pe.district_pe_150304,base.pe,base.state_pe_15
l10n_pe.district_pe_150305,base.pe,base.state_pe_15
l10n_pe.district_pe_150401,base.pe,base.state_pe_15
l10n_pe.district_pe_150402,base.pe,base.state_pe_15
l10n_pe.district_pe_150403,base.pe,base.state_pe_15
l10n_pe.district_pe_150404,base.pe,base.state_pe_15
l10n_pe.district_pe_150405,base.pe,base.state_pe_15
l10n_pe.district_pe_150406,base.pe,base.state_pe_15
l10n_pe.district_pe_150407,base.pe,base.state_pe_15
l10n_pe.district_pe_150501,base.pe,base.state_pe_15
l10n_pe.district_pe_150502,base.pe,base.state_pe_15
l10n_pe.district_pe_150503,base.pe,base.state_pe_15
l10n_pe.district_pe_150504,base.pe,base.state_pe_15
l10n_pe.district_pe_150505,base.pe,base.state_pe_15
l10n_pe.district_pe_150506,base.pe,base.state_pe_15
l10n_pe.district_pe_150507,base.pe,base.state_pe_15
l10n_pe.district_pe_150508,base.pe,base.state_pe_15
l10n_pe.district_pe_150509,base.pe,base.state_pe_15
l10n_pe.district_pe_150510,base.pe,base.state_pe_15
l10n_pe.district_pe_150511,base.pe,base.state_pe_15
l10n_pe.district_pe_150512,base.pe,base.state_pe_15
l10n_pe.district_pe_150513,base.pe,base.state_pe_15
l10n_pe.district_pe_150514,base.pe,base.state_pe_15
l10n_pe.district_pe_150515,base.pe,base.state_pe_15
l10n_pe.district_pe_150516,base.pe,base.state_pe_15
l10n_pe.district_pe_150601,base.pe,base.state_pe_15
l10n_pe.district_pe_150602,base.pe,base.state_pe_15
l10n_pe.district_pe_150603,base.pe,base.state_pe_15
l10n_pe.district_pe_150604,base.pe,base.state_pe_15
l10n_pe.district_pe_150605,base.pe,base.state_pe_15
l10n_pe.district_pe_150606,base.pe,base.state_pe_15
l10n_pe.district_pe_150607,base.pe,base.state_pe_15
l10n_pe.district_pe_150608,base.pe,base.state_pe_15
l10n_pe.district_pe_150609,base.pe,base.state_pe_15
l10n_pe.district_pe_150610,base.pe,base.state_pe_15
l10n_pe.district_pe_150611,base.pe,base.state_pe_15
l10n_pe.district_pe_150612,base.pe,base.state_pe_15
l10n_pe.district_pe_150701,base.pe,base.state_pe_15
l10n_pe.district_pe_150702,base.pe,base.state_pe_15
l10n_pe.district_pe_150703,base.pe,base.state_pe_15
l10n_pe.district_pe_150704,base.pe,base.state_pe_15
l10n_pe.district_pe_150705,base.pe,base.state_pe_15
l10n_pe.district_pe_150706,base.pe,base.state_pe_15
l10n_pe.district_pe_150707,base.pe,base.state_pe_15
l10n_pe.district_pe_150708,base.pe,base.state_pe_15
l10n_pe.district_pe_150709,base.pe,base.state_pe_15
l10n_pe.district_pe_150710,base.pe,base.state_pe_15
l10n_pe.district_pe_150711,base.pe,base.state_pe_15
l10n_pe.district_pe_150712,base.pe,base.state_pe_15
l10n_pe.district_pe_150713,base.pe,base.state_pe_15
l10n_pe.district_pe_150714,base.pe,base.state_pe_15
l10n_pe.district_pe_150715,base.pe,base.state_pe_15
l10n_pe.district_pe_150716,base.pe,base.state_pe_15
l10n_pe.district_pe_150717,base.pe,base.state_pe_15
l10n_pe.district_pe_150718,base.pe,base.state_pe_15
l10n_pe.district_pe_150719,base.pe,base.state_pe_15
l10n_pe.district_pe_150720,base.pe,base.state_pe_15
l10n_pe.district_pe_150721,base.pe,base.state_pe_15
l10n_pe.district_pe_150722,base.pe,base.state_pe_15
l10n_pe.district_pe_150723,base.pe,base.state_pe_15
l10n_pe.district_pe_150724,base.pe,base.state_pe_15
l10n_pe.district_pe_150725,base.pe,base.state_pe_15
l10n_pe.district_pe_150726,base.pe,base.state_pe_15
l10n_pe.district_pe_150727,base.pe,base.state_pe_15
l10n_pe.district_pe_150728,base.pe,base.state_pe_15
l10n_pe.district_pe_150729,base.pe,base.state_pe_15
l10n_pe.district_pe_150730,base.pe,base.state_pe_15
l10n_pe.district_pe_150731,base.pe,base.state_pe_15
l10n_pe.district_pe_150732,base.pe,base.state_pe_15
l10n_pe.district_pe_150801,base.pe,base.state_pe_15
l10n_pe.district_pe_150802,base.pe,base.state_pe_15
l10n_pe.district_pe_150803,base.pe,base.state_pe_15
l10n_pe.district_pe_150804,base.pe,base.state_pe_15
l10n_pe.district_pe_150805,base.pe,base.state_pe_15
l10n_pe.district_pe_150806,base.pe,base.state_pe_15
l10n_pe.district_pe_150807,base.pe,base.state_pe_15
l10n_pe.district_pe_150808,base.pe,base.state_pe_15
l10n_pe.district_pe_150809,base.pe,base.state_pe_15
l10n_pe.district_pe_150810,base.pe,base.state_pe_15
l10n_pe.district_pe_150811,base.pe,base.state_pe_15
l10n_pe.district_pe_150812,base.pe,base.state_pe_15
l10n_pe.district_pe_150901,base.pe,base.state_pe_15
l10n_pe.district_pe_150902,base.pe,base.state_pe_15
l10n_pe.district_pe_150903,base.pe,base.state_pe_15
l10n_pe.district_pe_150904,base.pe,base.state_pe_15
l10n_pe.district_pe_150905,base.pe,base.state_pe_15
l10n_pe.district_pe_150906,base.pe,base.state_pe_15
l10n_pe.district_pe_151001,base.pe,base.state_pe_15
l10n_pe.district_pe_151002,base.pe,base.state_pe_15
l10n_pe.district_pe_151003,base.pe,base.state_pe_15
l10n_pe.district_pe_151004,base.pe,base.state_pe_15
l10n_pe.district_pe_151005,base.pe,base.state_pe_15
l10n_pe.district_pe_151006,base.pe,base.state_pe_15
l10n_pe.district_pe_151007,base.pe,base.state_pe_15
l10n_pe.district_pe_151008,base.pe,base.state_pe_15
l10n_pe.district_pe_151009,base.pe,base.state_pe_15
l10n_pe.district_pe_151010,base.pe,base.state_pe_15
l10n_pe.district_pe_151011,base.pe,base.state_pe_15
l10n_pe.district_pe_151012,base.pe,base.state_pe_15
l10n_pe.district_pe_151013,base.pe,base.state_pe_15
l10n_pe.district_pe_151014,base.pe,base.state_pe_15
l10n_pe.district_pe_151015,base.pe,base.state_pe_15
l10n_pe.district_pe_151016,base.pe,base.state_pe_15
l10n_pe.district_pe_151017,base.pe,base.state_pe_15
l10n_pe.district_pe_151018,base.pe,base.state_pe_15
l10n_pe.district_pe_151019,base.pe,base.state_pe_15
l10n_pe.district_pe_151020,base.pe,base.state_pe_15
l10n_pe.district_pe_151021,base.pe,base.state_pe_15
l10n_pe.district_pe_151022,base.pe,base.state_pe_15
l10n_pe.district_pe_151023,base.pe,base.state_pe_15
l10n_pe.district_pe_151024,base.pe,base.state_pe_15
l10n_pe.district_pe_151025,base.pe,base.state_pe_15
l10n_pe.district_pe_151026,base.pe,base.state_pe_15
l10n_pe.district_pe_151027,base.pe,base.state_pe_15
l10n_pe.district_pe_151028,base.pe,base.state_pe_15
l10n_pe.district_pe_151029,base.pe,base.state_pe_15
l10n_pe.district_pe_151030,base.pe,base.state_pe_15
l10n_pe.district_pe_151031,base.pe,base.state_pe_15
l10n_pe.district_pe_151032,base.pe,base.state_pe_15
l10n_pe.district_pe_151033,base.pe,base.state_pe_15
l10n_pe.district_pe_160101,base.pe,base.state_pe_16
l10n_pe.district_pe_160102,base.pe,base.state_pe_16
l10n_pe.district_pe_160103,base.pe,base.state_pe_16
l10n_pe.district_pe_160104,base.pe,base.state_pe_16
l10n_pe.district_pe_160105,base.pe,base.state_pe_16
l10n_pe.district_pe_160106,base.pe,base.state_pe_16
l10n_pe.district_pe_160107,base.pe,base.state_pe_16
l10n_pe.district_pe_160108,base.pe,base.state_pe_16
l10n_pe.district_pe_160109,base.pe,base.state_pe_16
l10n_pe.district_pe_160110,base.pe,base.state_pe_16
l10n_pe.district_pe_160112,base.pe,base.state_pe_16
l10n_pe.district_pe_160113,base.pe,base.state_pe_16
l10n_pe.district_pe_160201,base.pe,base.state_pe_16
l10n_pe.district_pe_160202,base.pe,base.state_pe_16
l10n_pe.district_pe_160205,base.pe,base.state_pe_16
l10n_pe.district_pe_160206,base.pe,base.state_pe_16
l10n_pe.district_pe_160210,base.pe,base.state_pe_16
l10n_pe.district_pe_160211,base.pe,base.state_pe_16
l10n_pe.district_pe_160301,base.pe,base.state_pe_16
l10n_pe.district_pe_160302,base.pe,base.state_pe_16
l10n_pe.district_pe_160303,base.pe,base.state_pe_16
l10n_pe.district_pe_160304,base.pe,base.state_pe_16
l10n_pe.district_pe_160305,base.pe,base.state_pe_16
l10n_pe.district_pe_160401,base.pe,base.state_pe_16
l10n_pe.district_pe_160402,base.pe,base.state_pe_16
l10n_pe.district_pe_160403,base.pe,base.state_pe_16
l10n_pe.district_pe_160404,base.pe,base.state_pe_16
l10n_pe.district_pe_160501,base.pe,base.state_pe_16
l10n_pe.district_pe_160502,base.pe,base.state_pe_16
l10n_pe.district_pe_160503,base.pe,base.state_pe_16
l10n_pe.district_pe_160504,base.pe,base.state_pe_16
l10n_pe.district_pe_160505,base.pe,base.state_pe_16
l10n_pe.district_pe_160506,base.pe,base.state_pe_16
l10n_pe.district_pe_160507,base.pe,base.state_pe_16
l10n_pe.district_pe_160508,base.pe,base.state_pe_16
l10n_pe.district_pe_160509,base.pe,base.state_pe_16
l10n_pe.district_pe_160510,base.pe,base.state_pe_16
l10n_pe.district_pe_160511,base.pe,base.state_pe_16
l10n_pe.district_pe_160601,base.pe,base.state_pe_16
l10n_pe.district_pe_160602,base.pe,base.state_pe_16
l10n_pe.district_pe_160603,base.pe,base.state_pe_16
l10n_pe.district_pe_160604,base.pe,base.state_pe_16
l10n_pe.district_pe_160605,base.pe,base.state_pe_16
l10n_pe.district_pe_160606,base.pe,base.state_pe_16
l10n_pe.district_pe_160701,base.pe,base.state_pe_16
l10n_pe.district_pe_160702,base.pe,base.state_pe_16
l10n_pe.district_pe_160703,base.pe,base.state_pe_16
l10n_pe.district_pe_160704,base.pe,base.state_pe_16
l10n_pe.district_pe_160705,base.pe,base.state_pe_16
l10n_pe.district_pe_160706,base.pe,base.state_pe_16
l10n_pe.district_pe_160801,base.pe,base.state_pe_16
l10n_pe.district_pe_160802,base.pe,base.state_pe_16
l10n_pe.district_pe_160803,base.pe,base.state_pe_16
l10n_pe.district_pe_160804,base.pe,base.state_pe_16
l10n_pe.district_pe_170101,base.pe,base.state_pe_17
l10n_pe.district_pe_170102,base.pe,base.state_pe_17
l10n_pe.district_pe_170103,base.pe,base.state_pe_17
l10n_pe.district_pe_170104,base.pe,base.state_pe_17
l10n_pe.district_pe_170201,base.pe,base.state_pe_17
l10n_pe.district_pe_170202,base.pe,base.state_pe_17
l10n_pe.district_pe_170203,base.pe,base.state_pe_17
l10n_pe.district_pe_170204,base.pe,base.state_pe_17
l10n_pe.district_pe_170301,base.pe,base.state_pe_17
l10n_pe.district_pe_170302,base.pe,base.state_pe_17
l10n_pe.district_pe_170303,base.pe,base.state_pe_17
l10n_pe.district_pe_180101,base.pe,base.state_pe_18
l10n_pe.district_pe_180102,base.pe,base.state_pe_18
l10n_pe.district_pe_180103,base.pe,base.state_pe_18
l10n_pe.district_pe_180104,base.pe,base.state_pe_18
l10n_pe.district_pe_180105,base.pe,base.state_pe_18
l10n_pe.district_pe_180106,base.pe,base.state_pe_18
l10n_pe.district_pe_180201,base.pe,base.state_pe_18
l10n_pe.district_pe_180202,base.pe,base.state_pe_18
l10n_pe.district_pe_180203,base.pe,base.state_pe_18
l10n_pe.district_pe_180204,base.pe,base.state_pe_18
l10n_pe.district_pe_180205,base.pe,base.state_pe_18
l10n_pe.district_pe_180206,base.pe,base.state_pe_18
l10n_pe.district_pe_180207,base.pe,base.state_pe_18
l10n_pe.district_pe_180208,base.pe,base.state_pe_18
l10n_pe.district_pe_180209,base.pe,base.state_pe_18
l10n_pe.district_pe_180210,base.pe,base.state_pe_18
l10n_pe.district_pe_180211,base.pe,base.state_pe_18
l10n_pe.district_pe_180301,base.pe,base.state_pe_18
l10n_pe.district_pe_180302,base.pe,base.state_pe_18
l10n_pe.district_pe_180303,base.pe,base.state_pe_18
l10n_pe.district_pe_190101,base.pe,base.state_pe_19
l10n_pe.district_pe_190102,base.pe,base.state_pe_19
l10n_pe.district_pe_190103,base.pe,base.state_pe_19
l10n_pe.district_pe_190104,base.pe,base.state_pe_19
l10n_pe.district_pe_190105,base.pe,base.state_pe_19
l10n_pe.district_pe_190106,base.pe,base.state_pe_19
l10n_pe.district_pe_190107,base.pe,base.state_pe_19
l10n_pe.district_pe_190108,base.pe,base.state_pe_19
l10n_pe.district_pe_190109,base.pe,base.state_pe_19
l10n_pe.district_pe_190110,base.pe,base.state_pe_19
l10n_pe.district_pe_190111,base.pe,base.state_pe_19
l10n_pe.district_pe_190112,base.pe,base.state_pe_19
l10n_pe.district_pe_190113,base.pe,base.state_pe_19
l10n_pe.district_pe_190201,base.pe,base.state_pe_19
l10n_pe.district_pe_190202,base.pe,base.state_pe_19
l10n_pe.district_pe_190203,base.pe,base.state_pe_19
l10n_pe.district_pe_190204,base.pe,base.state_pe_19
l10n_pe.district_pe_190205,base.pe,base.state_pe_19
l10n_pe.district_pe_190206,base.pe,base.state_pe_19
l10n_pe.district_pe_190207,base.pe,base.state_pe_19
l10n_pe.district_pe_190208,base.pe,base.state_pe_19
l10n_pe.district_pe_190301,base.pe,base.state_pe_19
l10n_pe.district_pe_190302,base.pe,base.state_pe_19
l10n_pe.district_pe_190303,base.pe,base.state_pe_19
l10n_pe.district_pe_190304,base.pe,base.state_pe_19
l10n_pe.district_pe_190305,base.pe,base.state_pe_19
l10n_pe.district_pe_190306,base.pe,base.state_pe_19
l10n_pe.district_pe_190307,base.pe,base.state_pe_19
l10n_pe.district_pe_190308,base.pe,base.state_pe_19
l10n_pe.district_pe_200101,base.pe,base.state_pe_20
l10n_pe.district_pe_200104,base.pe,base.state_pe_20
l10n_pe.district_pe_200105,base.pe,base.state_pe_20
l10n_pe.district_pe_200107,base.pe,base.state_pe_20
l10n_pe.district_pe_200108,base.pe,base.state_pe_20
l10n_pe.district_pe_200109,base.pe,base.state_pe_20
l10n_pe.district_pe_200110,base.pe,base.state_pe_20
l10n_pe.district_pe_200111,base.pe,base.state_pe_20
l10n_pe.district_pe_200114,base.pe,base.state_pe_20
l10n_pe.district_pe_200115,base.pe,base.state_pe_20
l10n_pe.district_pe_200201,base.pe,base.state_pe_20
l10n_pe.district_pe_200202,base.pe,base.state_pe_20
l10n_pe.district_pe_200203,base.pe,base.state_pe_20
l10n_pe.district_pe_200204,base.pe,base.state_pe_20
l10n_pe.district_pe_200205,base.pe,base.state_pe_20
l10n_pe.district_pe_200206,base.pe,base.state_pe_20
l10n_pe.district_pe_200207,base.pe,base.state_pe_20
l10n_pe.district_pe_200208,base.pe,base.state_pe_20
l10n_pe.district_pe_200209,base.pe,base.state_pe_20
l10n_pe.district_pe_200210,base.pe,base.state_pe_20
l10n_pe.district_pe_200301,base.pe,base.state_pe_20
l10n_pe.district_pe_200330,base.pe,base.state_pe_20
l10n_pe.district_pe_200303,base.pe,base.state_pe_20
l10n_pe.district_pe_200305,base.pe,base.state_pe_20
l10n_pe.district_pe_200306,base.pe,base.state_pe_20
l10n_pe.district_pe_200307,base.pe,base.state_pe_20
l10n_pe.district_pe_200308,base.pe,base.state_pe_20
l10n_pe.district_pe_200401,base.pe,base.state_pe_20
l10n_pe.district_pe_200402,base.pe,base.state_pe_20
l10n_pe.district_pe_200403,base.pe,base.state_pe_20
l10n_pe.district_pe_200404,base.pe,base.state_pe_20
l10n_pe.district_pe_200405,base.pe,base.state_pe_20
l10n_pe.district_pe_200406,base.pe,base.state_pe_20
l10n_pe.district_pe_200407,base.pe,base.state_pe_20
l10n_pe.district_pe_200408,base.pe,base.state_pe_20
l10n_pe.district_pe_200409,base.pe,base.state_pe_20
l10n_pe.district_pe_200410,base.pe,base.state_pe_20
l10n_pe.district_pe_200501,base.pe,base.state_pe_20
l10n_pe.district_pe_200502,base.pe,base.state_pe_20
l10n_pe.district_pe_200503,base.pe,base.state_pe_20
l10n_pe.district_pe_200504,base.pe,base.state_pe_20
l10n_pe.district_pe_200505,base.pe,base.state_pe_20
l10n_pe.district_pe_200506,base.pe,base.state_pe_20
l10n_pe.district_pe_200507,base.pe,base.state_pe_20
l10n_pe.district_pe_200601,base.pe,base.state_pe_20
l10n_pe.district_pe_200602,base.pe,base.state_pe_20
l10n_pe.district_pe_200603,base.pe,base.state_pe_20
l10n_pe.district_pe_200604,base.pe,base.state_pe_20
l10n_pe.district_pe_200605,base.pe,base.state_pe_20
l10n_pe.district_pe_200606,base.pe,base.state_pe_20
l10n_pe.district_pe_200607,base.pe,base.state_pe_20
l10n_pe.district_pe_200608,base.pe,base.state_pe_20
l10n_pe.district_pe_200701,base.pe,base.state_pe_20
l10n_pe.district_pe_200702,base.pe,base.state_pe_20
l10n_pe.district_pe_200703,base.pe,base.state_pe_20
l10n_pe.district_pe_200704,base.pe,base.state_pe_20
l10n_pe.district_pe_200705,base.pe,base.state_pe_20
l10n_pe.district_pe_200706,base.pe,base.state_pe_20
l10n_pe.district_pe_200801,base.pe,base.state_pe_20
l10n_pe.district_pe_200802,base.pe,base.state_pe_20
l10n_pe.district_pe_200803,base.pe,base.state_pe_20
l10n_pe.district_pe_200804,base.pe,base.state_pe_20
l10n_pe.district_pe_200805,base.pe,base.state_pe_20
l10n_pe.district_pe_200806,base.pe,base.state_pe_20
l10n_pe.district_pe_210101,base.pe,base.state_pe_21
l10n_pe.district_pe_210102,base.pe,base.state_pe_21
l10n_pe.district_pe_210103,base.pe,base.state_pe_21
l10n_pe.district_pe_210104,base.pe,base.state_pe_21
l10n_pe.district_pe_210105,base.pe,base.state_pe_21
l10n_pe.district_pe_210106,base.pe,base.state_pe_21
l10n_pe.district_pe_210107,base.pe,base.state_pe_21
l10n_pe.district_pe_210108,base.pe,base.state_pe_21
l10n_pe.district_pe_210109,base.pe,base.state_pe_21
l10n_pe.district_pe_210110,base.pe,base.state_pe_21
l10n_pe.district_pe_210111,base.pe,base.state_pe_21
l10n_pe.district_pe_210112,base.pe,base.state_pe_21
l10n_pe.district_pe_210113,base.pe,base.state_pe_21
l10n_pe.district_pe_210114,base.pe,base.state_pe_21
l10n_pe.district_pe_210115,base.pe,base.state_pe_21
l10n_pe.district_pe_210201,base.pe,base.state_pe_21
l10n_pe.district_pe_210202,base.pe,base.state_pe_21
l10n_pe.district_pe_210203,base.pe,base.state_pe_21
l10n_pe.district_pe_210204,base.pe,base.state_pe_21
l10n_pe.district_pe_210205,base.pe,base.state_pe_21
l10n_pe.district_pe_210206,base.pe,base.state_pe_21
l10n_pe.district_pe_210207,base.pe,base.state_pe_21
l10n_pe.district_pe_210208,base.pe,base.state_pe_21
l10n_pe.district_pe_210209,base.pe,base.state_pe_21
l10n_pe.district_pe_210210,base.pe,base.state_pe_21
l10n_pe.district_pe_210211,base.pe,base.state_pe_21
l10n_pe.district_pe_210212,base.pe,base.state_pe_21
l10n_pe.district_pe_210213,base.pe,base.state_pe_21
l10n_pe.district_pe_210214,base.pe,base.state_pe_21
l10n_pe.district_pe_210215,base.pe,base.state_pe_21
l10n_pe.district_pe_210301,base.pe,base.state_pe_21
l10n_pe.district_pe_210302,base.pe,base.state_pe_21
l10n_pe.district_pe_210303,base.pe,base.state_pe_21
l10n_pe.district_pe_210304,base.pe,base.state_pe_21
l10n_pe.district_pe_210305,base.pe,base.state_pe_21
l10n_pe.district_pe_210306,base.pe,base.state_pe_21
l10n_pe.district_pe_210307,base.pe,base.state_pe_21
l10n_pe.district_pe_210308,base.pe,base.state_pe_21
l10n_pe.district_pe_210309,base.pe,base.state_pe_21
l10n_pe.district_pe_210310,base.pe,base.state_pe_21
l10n_pe.district_pe_210401,base.pe,base.state_pe_21
l10n_pe.district_pe_210402,base.pe,base.state_pe_21
l10n_pe.district_pe_210403,base.pe,base.state_pe_21
l10n_pe.district_pe_210404,base.pe,base.state_pe_21
l10n_pe.district_pe_210405,base.pe,base.state_pe_21
l10n_pe.district_pe_210406,base.pe,base.state_pe_21
l10n_pe.district_pe_210407,base.pe,base.state_pe_21
l10n_pe.district_pe_210501,base.pe,base.state_pe_21
l10n_pe.district_pe_210502,base.pe,base.state_pe_21
l10n_pe.district_pe_210503,base.pe,base.state_pe_21
l10n_pe.district_pe_210504,base.pe,base.state_pe_21
l10n_pe.district_pe_210505,base.pe,base.state_pe_21
l10n_pe.district_pe_210601,base.pe,base.state_pe_21
l10n_pe.district_pe_210602,base.pe,base.state_pe_21
l10n_pe.district_pe_210603,base.pe,base.state_pe_21
l10n_pe.district_pe_210604,base.pe,base.state_pe_21
l10n_pe.district_pe_210605,base.pe,base.state_pe_21
l10n_pe.district_pe_210606,base.pe,base.state_pe_21
l10n_pe.district_pe_210607,base.pe,base.state_pe_21
l10n_pe.district_pe_210608,base.pe,base.state_pe_21
l10n_pe.district_pe_210701,base.pe,base.state_pe_21
l10n_pe.district_pe_210702,base.pe,base.state_pe_21
l10n_pe.district_pe_210703,base.pe,base.state_pe_21
l10n_pe.district_pe_210704,base.pe,base.state_pe_21
l10n_pe.district_pe_210705,base.pe,base.state_pe_21
l10n_pe.district_pe_210706,base.pe,base.state_pe_21
l10n_pe.district_pe_210707,base.pe,base.state_pe_21
l10n_pe.district_pe_210708,base.pe,base.state_pe_21
l10n_pe.district_pe_210709,base.pe,base.state_pe_21
l10n_pe.district_pe_210710,base.pe,base.state_pe_21
l10n_pe.district_pe_210801,base.pe,base.state_pe_21
l10n_pe.district_pe_210802,base.pe,base.state_pe_21
l10n_pe.district_pe_210803,base.pe,base.state_pe_21
l10n_pe.district_pe_210804,base.pe,base.state_pe_21
l10n_pe.district_pe_210805,base.pe,base.state_pe_21
l10n_pe.district_pe_210806,base.pe,base.state_pe_21
l10n_pe.district_pe_210807,base.pe,base.state_pe_21
l10n_pe.district_pe_210808,base.pe,base.state_pe_21
l10n_pe.district_pe_210809,base.pe,base.state_pe_21
l10n_pe.district_pe_210901,base.pe,base.state_pe_21
l10n_pe.district_pe_210902,base.pe,base.state_pe_21
l10n_pe.district_pe_210903,base.pe,base.state_pe_21
l10n_pe.district_pe_210904,base.pe,base.state_pe_21
l10n_pe.district_pe_211001,base.pe,base.state_pe_21
l10n_pe.district_pe_211002,base.pe,base.state_pe_21
l10n_pe.district_pe_211003,base.pe,base.state_pe_21
l10n_pe.district_pe_211004,base.pe,base.state_pe_21
l10n_pe.district_pe_211005,base.pe,base.state_pe_21
l10n_pe.district_pe_211101,base.pe,base.state_pe_21
l10n_pe.district_pe_211102,base.pe,base.state_pe_21
l10n_pe.district_pe_211103,base.pe,base.state_pe_21
l10n_pe.district_pe_211104,base.pe,base.state_pe_21
l10n_pe.district_pe_211105,base.pe,base.state_pe_21
l10n_pe.district_pe_211201,base.pe,base.state_pe_21
l10n_pe.district_pe_211202,base.pe,base.state_pe_21
l10n_pe.district_pe_211203,base.pe,base.state_pe_21
l10n_pe.district_pe_211204,base.pe,base.state_pe_21
l10n_pe.district_pe_211205,base.pe,base.state_pe_21
l10n_pe.district_pe_211206,base.pe,base.state_pe_21
l10n_pe.district_pe_211207,base.pe,base.state_pe_21
l10n_pe.district_pe_211208,base.pe,base.state_pe_21
l10n_pe.district_pe_211209,base.pe,base.state_pe_21
l10n_pe.district_pe_211210,base.pe,base.state_pe_21
l10n_pe.district_pe_211301,base.pe,base.state_pe_21
l10n_pe.district_pe_211302,base.pe,base.state_pe_21
l10n_pe.district_pe_211303,base.pe,base.state_pe_21
l10n_pe.district_pe_211304,base.pe,base.state_pe_21
l10n_pe.district_pe_211305,base.pe,base.state_pe_21
l10n_pe.district_pe_211306,base.pe,base.state_pe_21
l10n_pe.district_pe_211307,base.pe,base.state_pe_21
l10n_pe.district_pe_220101,base.pe,base.state_pe_22
l10n_pe.district_pe_220102,base.pe,base.state_pe_22
l10n_pe.district_pe_220103,base.pe,base.state_pe_22
l10n_pe.district_pe_220104,base.pe,base.state_pe_22
l10n_pe.district_pe_220105,base.pe,base.state_pe_22
l10n_pe.district_pe_220106,base.pe,base.state_pe_22
l10n_pe.district_pe_220201,base.pe,base.state_pe_22
l10n_pe.district_pe_220202,base.pe,base.state_pe_22
l10n_pe.district_pe_220203,base.pe,base.state_pe_22
l10n_pe.district_pe_220204,base.pe,base.state_pe_22
l10n_pe.district_pe_220205,base.pe,base.state_pe_22
l10n_pe.district_pe_220206,base.pe,base.state_pe_22
l10n_pe.district_pe_220301,base.pe,base.state_pe_22
l10n_pe.district_pe_220302,base.pe,base.state_pe_22
l10n_pe.district_pe_220303,base.pe,base.state_pe_22
l10n_pe.district_pe_220304,base.pe,base.state_pe_22
l10n_pe.district_pe_220305,base.pe,base.state_pe_22
l10n_pe.district_pe_220401,base.pe,base.state_pe_22
l10n_pe.district_pe_220402,base.pe,base.state_pe_22
l10n_pe.district_pe_220403,base.pe,base.state_pe_22
l10n_pe.district_pe_220404,base.pe,base.state_pe_22
l10n_pe.district_pe_220405,base.pe,base.state_pe_22
l10n_pe.district_pe_220406,base.pe,base.state_pe_22
l10n_pe.district_pe_220501,base.pe,base.state_pe_22
l10n_pe.district_pe_220502,base.pe,base.state_pe_22
l10n_pe.district_pe_220503,base.pe,base.state_pe_22
l10n_pe.district_pe_220504,base.pe,base.state_pe_22
l10n_pe.district_pe_220505,base.pe,base.state_pe_22
l10n_pe.district_pe_220506,base.pe,base.state_pe_22
l10n_pe.district_pe_220507,base.pe,base.state_pe_22
l10n_pe.district_pe_220508,base.pe,base.state_pe_22
l10n_pe.district_pe_220509,base.pe,base.state_pe_22
l10n_pe.district_pe_220510,base.pe,base.state_pe_22
l10n_pe.district_pe_220511,base.pe,base.state_pe_22
l10n_pe.district_pe_220601,base.pe,base.state_pe_22
l10n_pe.district_pe_220602,base.pe,base.state_pe_22
l10n_pe.district_pe_220603,base.pe,base.state_pe_22
l10n_pe.district_pe_220604,base.pe,base.state_pe_22
l10n_pe.district_pe_220605,base.pe,base.state_pe_22
l10n_pe.district_pe_220701,base.pe,base.state_pe_22
l10n_pe.district_pe_220702,base.pe,base.state_pe_22
l10n_pe.district_pe_220703,base.pe,base.state_pe_22
l10n_pe.district_pe_220704,base.pe,base.state_pe_22
l10n_pe.district_pe_220705,base.pe,base.state_pe_22
l10n_pe.district_pe_220706,base.pe,base.state_pe_22
l10n_pe.district_pe_220707,base.pe,base.state_pe_22
l10n_pe.district_pe_220708,base.pe,base.state_pe_22
l10n_pe.district_pe_220709,base.pe,base.state_pe_22
l10n_pe.district_pe_220710,base.pe,base.state_pe_22
l10n_pe.district_pe_220801,base.pe,base.state_pe_22
l10n_pe.district_pe_220802,base.pe,base.state_pe_22
l10n_pe.district_pe_220803,base.pe,base.state_pe_22
l10n_pe.district_pe_220804,base.pe,base.state_pe_22
l10n_pe.district_pe_220805,base.pe,base.state_pe_22
l10n_pe.district_pe_220806,base.pe,base.state_pe_22
l10n_pe.district_pe_220807,base.pe,base.state_pe_22
l10n_pe.district_pe_220808,base.pe,base.state_pe_22
l10n_pe.district_pe_220809,base.pe,base.state_pe_22
l10n_pe.district_pe_220901,base.pe,base.state_pe_22
l10n_pe.district_pe_220902,base.pe,base.state_pe_22
l10n_pe.district_pe_220903,base.pe,base.state_pe_22
l10n_pe.district_pe_220904,base.pe,base.state_pe_22
l10n_pe.district_pe_220905,base.pe,base.state_pe_22
l10n_pe.district_pe_220906,base.pe,base.state_pe_22
l10n_pe.district_pe_220907,base.pe,base.state_pe_22
l10n_pe.district_pe_220908,base.pe,base.state_pe_22
l10n_pe.district_pe_220909,base.pe,base.state_pe_22
l10n_pe.district_pe_220910,base.pe,base.state_pe_22
l10n_pe.district_pe_220911,base.pe,base.state_pe_22
l10n_pe.district_pe_220912,base.pe,base.state_pe_22
l10n_pe.district_pe_220913,base.pe,base.state_pe_22
l10n_pe.district_pe_220914,base.pe,base.state_pe_22
l10n_pe.district_pe_221001,base.pe,base.state_pe_22
l10n_pe.district_pe_221002,base.pe,base.state_pe_22
l10n_pe.district_pe_221003,base.pe,base.state_pe_22
l10n_pe.district_pe_221004,base.pe,base.state_pe_22
l10n_pe.district_pe_221005,base.pe,base.state_pe_22
l10n_pe.district_pe_230101,base.pe,base.state_pe_23
l10n_pe.district_pe_230102,base.pe,base.state_pe_23
l10n_pe.district_pe_230103,base.pe,base.state_pe_23
l10n_pe.district_pe_230104,base.pe,base.state_pe_23
l10n_pe.district_pe_230105,base.pe,base.state_pe_23
l10n_pe.district_pe_230106,base.pe,base.state_pe_23
l10n_pe.district_pe_230107,base.pe,base.state_pe_23
l10n_pe.district_pe_230108,base.pe,base.state_pe_23
l10n_pe.district_pe_230109,base.pe,base.state_pe_23
l10n_pe.district_pe_230110,base.pe,base.state_pe_23
l10n_pe.district_pe_230111,base.pe,base.state_pe_23
l10n_pe.district_pe_230201,base.pe,base.state_pe_23
l10n_pe.district_pe_230202,base.pe,base.state_pe_23
l10n_pe.district_pe_230203,base.pe,base.state_pe_23
l10n_pe.district_pe_230204,base.pe,base.state_pe_23
l10n_pe.district_pe_230205,base.pe,base.state_pe_23
l10n_pe.district_pe_230206,base.pe,base.state_pe_23
l10n_pe.district_pe_230301,base.pe,base.state_pe_23
l10n_pe.district_pe_230302,base.pe,base.state_pe_23
l10n_pe.district_pe_230303,base.pe,base.state_pe_23
l10n_pe.district_pe_230401,base.pe,base.state_pe_23
l10n_pe.district_pe_230402,base.pe,base.state_pe_23
l10n_pe.district_pe_230403,base.pe,base.state_pe_23
l10n_pe.district_pe_230404,base.pe,base.state_pe_23
l10n_pe.district_pe_230405,base.pe,base.state_pe_23
l10n_pe.district_pe_230406,base.pe,base.state_pe_23
l10n_pe.district_pe_230407,base.pe,base.state_pe_23
l10n_pe.district_pe_230408,base.pe,base.state_pe_23
l10n_pe.district_pe_240101,base.pe,base.state_pe_24
l10n_pe.district_pe_240102,base.pe,base.state_pe_24
l10n_pe.district_pe_240103,base.pe,base.state_pe_24
l10n_pe.district_pe_240104,base.pe,base.state_pe_24
l10n_pe.district_pe_240105,base.pe,base.state_pe_24
l10n_pe.district_pe_240106,base.pe,base.state_pe_24
l10n_pe.district_pe_240201,base.pe,base.state_pe_24
l10n_pe.district_pe_240202,base.pe,base.state_pe_24
l10n_pe.district_pe_240203,base.pe,base.state_pe_24
l10n_pe.district_pe_240301,base.pe,base.state_pe_24
l10n_pe.district_pe_240302,base.pe,base.state_pe_24
l10n_pe.district_pe_240303,base.pe,base.state_pe_24
l10n_pe.district_pe_240304,base.pe,base.state_pe_24
l10n_pe.district_pe_250101,base.pe,base.state_pe_25
l10n_pe.district_pe_250102,base.pe,base.state_pe_25
l10n_pe.district_pe_250103,base.pe,base.state_pe_25
l10n_pe.district_pe_250104,base.pe,base.state_pe_25
l10n_pe.district_pe_250105,base.pe,base.state_pe_25
l10n_pe.district_pe_250106,base.pe,base.state_pe_25
l10n_pe.district_pe_250107,base.pe,base.state_pe_25
l10n_pe.district_pe_250201,base.pe,base.state_pe_25
l10n_pe.district_pe_250202,base.pe,base.state_pe_25
l10n_pe.district_pe_250203,base.pe,base.state_pe_25
l10n_pe.district_pe_250204,base.pe,base.state_pe_25
l10n_pe.district_pe_250301,base.pe,base.state_pe_25
l10n_pe.district_pe_250302,base.pe,base.state_pe_25
l10n_pe.district_pe_250303,base.pe,base.state_pe_25
l10n_pe.district_pe_250304,base.pe,base.state_pe_25
l10n_pe.district_pe_250305,base.pe,base.state_pe_25
l10n_pe.district_pe_250401,base.pe,base.state_pe_25
